run,mode,question_type,metric,mean,low,high,n
baseline,retrieved,all,recall@5,0.4822,0.4117,0.5715,441
baseline,retrieved,all,full_support@5,0.2154,0.1466,0.3175,441
baseline,retrieved,all,recall@10,0.6262,0.5433,0.7199,441
baseline,retrieved,all,full_support@10,0.3651,0.2593,0.5035,441
baseline,retrieved,all,mrr@10,0.5905,0.5324,0.6629,441
baseline,retrieved,all,ndcg@10,0.4904,0.4289,0.5629,441
baseline,retrieved,all,recall@2000tok,0.4480,0.3817,0.5334,441
baseline,retrieved,all,precision@2000tok,0.0168,0.0152,0.0191,441
baseline,retrieved,all,correct,0.5133,0.4224,0.5954,150
baseline,retrieved,all,judge_agrees_with_match,1.0000,1.0000,1.0000,109
baseline,retrieved,all,exact_match,0.2667,0.1656,0.3605,150
baseline,retrieved,all,judged,0.2733,0.2044,0.3553,150
baseline,retrieved,all,correct_answerable,0.4470,0.3305,0.5385,132
baseline,retrieved,all,false_abstain,0.5227,0.4315,0.6322,132
baseline,retrieved,all,false_abstain_with_support,0.0455,0.0099,0.0976,132
baseline,retrieved,all,false_abstain_without_support,0.4773,0.3813,0.5839,132
baseline,retrieved,all,abstain_null,1.0000,1.0000,1.0000,18
baseline,retrieved,all,faithful,0.8095,0.6780,0.9041,63
baseline,retrieved,comparison_query,recall@5,0.5490,0.4864,0.6194,211
baseline,retrieved,comparison_query,full_support@5,0.2796,0.2019,0.3702,211
baseline,retrieved,comparison_query,recall@10,0.6872,0.6220,0.7524,211
baseline,retrieved,comparison_query,full_support@10,0.4645,0.3665,0.5644,211
baseline,retrieved,comparison_query,mrr@10,0.6167,0.5558,0.6806,211
baseline,retrieved,comparison_query,ndcg@10,0.5340,0.4806,0.5921,211
baseline,retrieved,comparison_query,recall@2000tok,0.5111,0.4479,0.5843,211
baseline,retrieved,comparison_query,precision@2000tok,0.0177,0.0157,0.0203,211
baseline,retrieved,comparison_query,correct,0.3175,0.2167,0.4333,63
baseline,retrieved,comparison_query,judge_agrees_with_match,1.0000,1.0000,1.0000,41
baseline,retrieved,comparison_query,exact_match,0.0000,0.0000,0.0000,63
baseline,retrieved,comparison_query,judged,0.3492,0.2353,0.4706,63
baseline,retrieved,comparison_query,correct_answerable,0.3175,0.2167,0.4333,63
baseline,retrieved,comparison_query,false_abstain,0.6508,0.5294,0.7647,63
baseline,retrieved,comparison_query,false_abstain_with_support,0.0317,0.0000,0.0862,63
baseline,retrieved,comparison_query,false_abstain_without_support,0.6190,0.4915,0.7333,63
baseline,retrieved,comparison_query,faithful,0.7273,0.5000,0.9091,22
baseline,retrieved,inference_query,recall@5,0.3032,0.2635,0.3997,105
baseline,retrieved,inference_query,full_support@5,0.0381,0.0076,0.1112,105
baseline,retrieved,inference_query,recall@10,0.4698,0.3971,0.6143,105
baseline,retrieved,inference_query,full_support@10,0.1048,0.0365,0.2449,105
baseline,retrieved,inference_query,mrr@10,0.5436,0.3884,0.6976,105
baseline,retrieved,inference_query,ndcg@10,0.3737,0.3204,0.4893,105
baseline,retrieved,inference_query,recall@2000tok,0.2865,0.2470,0.3876,105
baseline,retrieved,inference_query,precision@2000tok,0.0153,0.0123,0.0197,105
baseline,retrieved,inference_query,correct,0.8438,0.6111,0.9444,32
baseline,retrieved,inference_query,judge_agrees_with_match,1.0000,1.0000,1.0000,27
baseline,retrieved,inference_query,exact_match,0.6875,0.4118,0.8333,32
baseline,retrieved,inference_query,judged,0.1562,0.0476,0.2941,32
baseline,retrieved,inference_query,correct_answerable,0.8438,0.6111,0.9444,32
baseline,retrieved,inference_query,false_abstain,0.1562,0.0556,0.3889,32
baseline,retrieved,inference_query,false_abstain_with_support,0.0000,0.0000,0.0000,32
baseline,retrieved,inference_query,false_abstain_without_support,0.1562,0.0556,0.3889,32
baseline,retrieved,inference_query,faithful,0.8889,0.7692,1.0000,27
baseline,retrieved,null_query,correct,1.0000,1.0000,1.0000,18
baseline,retrieved,null_query,judge_agrees_with_match,1.0000,1.0000,1.0000,18
baseline,retrieved,null_query,exact_match,1.0000,1.0000,1.0000,18
baseline,retrieved,null_query,judged,0.0000,0.0000,0.0000,18
baseline,retrieved,null_query,abstain_null,1.0000,1.0000,1.0000,18
baseline,retrieved,temporal_query,recall@5,0.5200,0.4321,0.6211,125
baseline,retrieved,temporal_query,full_support@5,0.2560,0.1691,0.3719,125
baseline,retrieved,temporal_query,recall@10,0.6547,0.5540,0.7596,125
baseline,retrieved,temporal_query,full_support@10,0.4160,0.2857,0.5701,125
baseline,retrieved,temporal_query,mrr@10,0.5854,0.4899,0.6954,125
baseline,retrieved,temporal_query,ndcg@10,0.5149,0.4313,0.6118,125
baseline,retrieved,temporal_query,recall@2000tok,0.4773,0.3932,0.5723,125
baseline,retrieved,temporal_query,precision@2000tok,0.0164,0.0137,0.0197,125
baseline,retrieved,temporal_query,correct,0.3243,0.1739,0.4783,37
baseline,retrieved,temporal_query,judge_agrees_with_match,1.0000,1.0000,1.0000,23
baseline,retrieved,temporal_query,exact_match,0.0000,0.0000,0.0000,37
baseline,retrieved,temporal_query,judged,0.3784,0.2222,0.5556,37
baseline,retrieved,temporal_query,correct_answerable,0.3243,0.1739,0.4783,37
baseline,retrieved,temporal_query,false_abstain,0.6216,0.4444,0.7778,37
baseline,retrieved,temporal_query,false_abstain_with_support,0.1081,0.0000,0.2432,37
baseline,retrieved,temporal_query,false_abstain_without_support,0.5135,0.3235,0.6924,37
baseline,retrieved,temporal_query,faithful,0.7857,0.5453,1.0000,14
baseline-r1,retrieved,all,recall@5,0.4822,0.4117,0.5715,441
baseline-r1,retrieved,all,full_support@5,0.2154,0.1466,0.3175,441
baseline-r1,retrieved,all,recall@10,0.6262,0.5433,0.7199,441
baseline-r1,retrieved,all,full_support@10,0.3651,0.2593,0.5035,441
baseline-r1,retrieved,all,mrr@10,0.5905,0.5324,0.6629,441
baseline-r1,retrieved,all,ndcg@10,0.4904,0.4289,0.5629,441
baseline-r1,retrieved,all,recall@2000tok,0.4480,0.3817,0.5334,441
baseline-r1,retrieved,all,precision@2000tok,0.0168,0.0152,0.0191,441
baseline-r1,retrieved,all,correct,0.5000,0.4126,0.5785,150
baseline-r1,retrieved,all,judge_agrees_with_match,0.9908,0.9667,1.0000,109
baseline-r1,retrieved,all,exact_match,0.2600,0.1654,0.3464,150
baseline-r1,retrieved,all,judged,0.2733,0.2018,0.3603,150
baseline-r1,retrieved,all,correct_answerable,0.4318,0.3222,0.5217,132
baseline-r1,retrieved,all,false_abstain,0.5303,0.4379,0.6387,132
baseline-r1,retrieved,all,false_abstain_with_support,0.0606,0.0205,0.1161,132
baseline-r1,retrieved,all,false_abstain_without_support,0.4697,0.3731,0.5690,132
baseline-r1,retrieved,all,abstain_null,1.0000,1.0000,1.0000,18
baseline-r1,retrieved,all,faithful,0.8226,0.7343,0.9048,62
baseline-r1,retrieved,comparison_query,recall@5,0.5490,0.4864,0.6194,211
baseline-r1,retrieved,comparison_query,full_support@5,0.2796,0.2019,0.3702,211
baseline-r1,retrieved,comparison_query,recall@10,0.6872,0.6220,0.7524,211
baseline-r1,retrieved,comparison_query,full_support@10,0.4645,0.3665,0.5644,211
baseline-r1,retrieved,comparison_query,mrr@10,0.6167,0.5558,0.6806,211
baseline-r1,retrieved,comparison_query,ndcg@10,0.5340,0.4806,0.5921,211
baseline-r1,retrieved,comparison_query,recall@2000tok,0.5111,0.4479,0.5843,211
baseline-r1,retrieved,comparison_query,precision@2000tok,0.0177,0.0157,0.0203,211
baseline-r1,retrieved,comparison_query,correct,0.2857,0.1803,0.4000,63
baseline-r1,retrieved,comparison_query,judge_agrees_with_match,0.9762,0.9211,1.0000,42
baseline-r1,retrieved,comparison_query,exact_match,0.0000,0.0000,0.0000,63
baseline-r1,retrieved,comparison_query,judged,0.3333,0.2167,0.4603,63
baseline-r1,retrieved,comparison_query,correct_answerable,0.2857,0.1803,0.4000,63
baseline-r1,retrieved,comparison_query,false_abstain,0.6667,0.5397,0.7833,63
baseline-r1,retrieved,comparison_query,false_abstain_with_support,0.0635,0.0145,0.1333,63
baseline-r1,retrieved,comparison_query,false_abstain_without_support,0.6032,0.4746,0.7206,63
baseline-r1,retrieved,comparison_query,faithful,0.9048,0.7500,1.0000,21
baseline-r1,retrieved,inference_query,recall@5,0.3032,0.2635,0.3997,105
baseline-r1,retrieved,inference_query,full_support@5,0.0381,0.0076,0.1112,105
baseline-r1,retrieved,inference_query,recall@10,0.4698,0.3971,0.6143,105
baseline-r1,retrieved,inference_query,full_support@10,0.1048,0.0365,0.2449,105
baseline-r1,retrieved,inference_query,mrr@10,0.5436,0.3884,0.6976,105
baseline-r1,retrieved,inference_query,ndcg@10,0.3737,0.3204,0.4893,105
baseline-r1,retrieved,inference_query,recall@2000tok,0.2865,0.2470,0.3876,105
baseline-r1,retrieved,inference_query,precision@2000tok,0.0153,0.0123,0.0197,105
baseline-r1,retrieved,inference_query,correct,0.8438,0.6667,0.9600,32
baseline-r1,retrieved,inference_query,judge_agrees_with_match,1.0000,1.0000,1.0000,26
baseline-r1,retrieved,inference_query,exact_match,0.6562,0.4089,0.8077,32
baseline-r1,retrieved,inference_query,judged,0.1875,0.0750,0.3637,32
baseline-r1,retrieved,inference_query,correct_answerable,0.8438,0.6667,0.9600,32
baseline-r1,retrieved,inference_query,false_abstain,0.1562,0.0400,0.3333,32
baseline-r1,retrieved,inference_query,false_abstain_with_support,0.0000,0.0000,0.0000,32
baseline-r1,retrieved,inference_query,false_abstain_without_support,0.1562,0.0400,0.3333,32
baseline-r1,retrieved,inference_query,faithful,0.8148,0.6667,0.9546,27
baseline-r1,retrieved,null_query,correct,1.0000,1.0000,1.0000,18
baseline-r1,retrieved,null_query,judge_agrees_with_match,1.0000,1.0000,1.0000,18
baseline-r1,retrieved,null_query,exact_match,1.0000,1.0000,1.0000,18
baseline-r1,retrieved,null_query,judged,0.0000,0.0000,0.0000,18
baseline-r1,retrieved,null_query,abstain_null,1.0000,1.0000,1.0000,18
baseline-r1,retrieved,temporal_query,recall@5,0.5200,0.4321,0.6211,125
baseline-r1,retrieved,temporal_query,full_support@5,0.2560,0.1691,0.3719,125
baseline-r1,retrieved,temporal_query,recall@10,0.6547,0.5540,0.7596,125
baseline-r1,retrieved,temporal_query,full_support@10,0.4160,0.2857,0.5701,125
baseline-r1,retrieved,temporal_query,mrr@10,0.5854,0.4899,0.6954,125
baseline-r1,retrieved,temporal_query,ndcg@10,0.5149,0.4313,0.6118,125
baseline-r1,retrieved,temporal_query,recall@2000tok,0.4773,0.3932,0.5723,125
baseline-r1,retrieved,temporal_query,precision@2000tok,0.0164,0.0137,0.0197,125
baseline-r1,retrieved,temporal_query,correct,0.3243,0.1739,0.4783,37
baseline-r1,retrieved,temporal_query,judge_agrees_with_match,1.0000,1.0000,1.0000,23
baseline-r1,retrieved,temporal_query,exact_match,0.0000,0.0000,0.0000,37
baseline-r1,retrieved,temporal_query,judged,0.3784,0.2222,0.5556,37
baseline-r1,retrieved,temporal_query,correct_answerable,0.3243,0.1739,0.4783,37
baseline-r1,retrieved,temporal_query,false_abstain,0.6216,0.4444,0.7778,37
baseline-r1,retrieved,temporal_query,false_abstain_with_support,0.1081,0.0000,0.2432,37
baseline-r1,retrieved,temporal_query,false_abstain_without_support,0.5135,0.3235,0.6924,37
baseline-r1,retrieved,temporal_query,faithful,0.7143,0.5000,0.9231,14
baseline-gold,gold,all,correct,0.4600,0.3571,0.5517,150
baseline-gold,gold,all,judge_agrees_with_match,1.0000,1.0000,1.0000,130
baseline-gold,gold,all,exact_match,0.3267,0.2143,0.4268,150
baseline-gold,gold,all,judged,0.1333,0.0882,0.1982,150
baseline-gold,gold,all,correct_answerable,0.3864,0.2526,0.4927,132
baseline-gold,gold,all,false_abstain,0.6136,0.5073,0.7474,132
baseline-gold,gold,all,faithful,0.5882,0.4130,0.7500,51
baseline-gold,gold,all,abstain_null,1.0000,1.0000,1.0000,18
baseline-gold,gold,comparison_query,correct,0.2857,0.1785,0.4000,63
baseline-gold,gold,comparison_query,judge_agrees_with_match,1.0000,1.0000,1.0000,45
baseline-gold,gold,comparison_query,exact_match,0.0000,0.0000,0.0000,63
baseline-gold,gold,comparison_query,judged,0.2857,0.1785,0.4000,63
baseline-gold,gold,comparison_query,correct_answerable,0.2857,0.1785,0.4000,63
baseline-gold,gold,comparison_query,false_abstain,0.7143,0.6000,0.8215,63
baseline-gold,gold,comparison_query,faithful,0.5000,0.2353,0.7222,18
baseline-gold,gold,inference_query,correct,0.9688,0.8636,1.0000,32
baseline-gold,gold,inference_query,judge_agrees_with_match,1.0000,1.0000,1.0000,32
baseline-gold,gold,inference_query,exact_match,0.9688,0.8636,1.0000,32
baseline-gold,gold,inference_query,judged,0.0000,0.0000,0.0000,32
baseline-gold,gold,inference_query,correct_answerable,0.9688,0.8636,1.0000,32
baseline-gold,gold,inference_query,false_abstain,0.0312,0.0000,0.1364,32
baseline-gold,gold,inference_query,faithful,0.6774,0.5172,1.0000,31
baseline-gold,gold,null_query,correct,1.0000,1.0000,1.0000,18
baseline-gold,gold,null_query,judge_agrees_with_match,1.0000,1.0000,1.0000,18
baseline-gold,gold,null_query,exact_match,1.0000,1.0000,1.0000,18
baseline-gold,gold,null_query,judged,0.0000,0.0000,0.0000,18
baseline-gold,gold,null_query,abstain_null,1.0000,1.0000,1.0000,18
baseline-gold,gold,temporal_query,correct,0.0541,0.0000,0.1081,37
baseline-gold,gold,temporal_query,judge_agrees_with_match,1.0000,1.0000,1.0000,35
baseline-gold,gold,temporal_query,exact_match,0.0000,0.0000,0.0000,37
baseline-gold,gold,temporal_query,judged,0.0541,0.0000,0.1081,37
baseline-gold,gold,temporal_query,correct_answerable,0.0541,0.0000,0.1081,37
baseline-gold,gold,temporal_query,false_abstain,0.9459,0.8919,1.0000,37
baseline-gold,gold,temporal_query,faithful,0.0000,0.0000,0.0000,2
baseline-closed_book,closed_book,all,correct,0.4733,0.3582,0.5633,150
baseline-closed_book,closed_book,all,judge_agrees_with_match,1.0000,1.0000,1.0000,120
baseline-closed_book,closed_book,all,exact_match,0.3067,0.1908,0.4118,150
baseline-closed_book,closed_book,all,judged,0.2000,0.1250,0.2749,150
baseline-closed_book,closed_book,all,correct_answerable,0.4167,0.2755,0.5221,132
baseline-closed_book,closed_book,all,false_abstain,0.5606,0.4571,0.6949,132
baseline-closed_book,closed_book,all,abstain_null,0.8889,0.7222,1.0000,18
baseline-closed_book,closed_book,comparison_query,correct,0.1587,0.0678,0.2623,63
baseline-closed_book,closed_book,comparison_query,judge_agrees_with_match,1.0000,1.0000,1.0000,58
baseline-closed_book,closed_book,comparison_query,exact_match,0.0794,0.0154,0.1594,63
baseline-closed_book,closed_book,comparison_query,judged,0.0794,0.0161,0.1607,63
baseline-closed_book,closed_book,comparison_query,correct_answerable,0.1587,0.0678,0.2623,63
baseline-closed_book,closed_book,comparison_query,false_abstain,0.8413,0.7377,0.9322,63
baseline-closed_book,closed_book,inference_query,correct,0.9688,0.8636,1.0000,32
baseline-closed_book,closed_book,inference_query,judge_agrees_with_match,1.0000,1.0000,1.0000,23
baseline-closed_book,closed_book,inference_query,exact_match,0.7188,0.3750,0.8810,32
baseline-closed_book,closed_book,inference_query,judged,0.2812,0.1190,0.6250,32
baseline-closed_book,closed_book,inference_query,correct_answerable,0.9688,0.8636,1.0000,32
baseline-closed_book,closed_book,inference_query,false_abstain,0.0000,0.0000,0.0000,32
baseline-closed_book,closed_book,null_query,correct,0.8889,0.7222,1.0000,18
baseline-closed_book,closed_book,null_query,exact_match,0.8889,0.7222,1.0000,18
baseline-closed_book,closed_book,null_query,judged,0.1111,0.0000,0.2778,18
baseline-closed_book,closed_book,null_query,abstain_null,0.8889,0.7222,1.0000,18
baseline-closed_book,closed_book,null_query,judge_agrees_with_match,1.0000,1.0000,1.0000,16
baseline-closed_book,closed_book,temporal_query,correct,0.3784,0.2000,0.5484,37
baseline-closed_book,closed_book,temporal_query,judge_agrees_with_match,1.0000,1.0000,1.0000,23
baseline-closed_book,closed_book,temporal_query,exact_match,0.0541,0.0000,0.1333,37
baseline-closed_book,closed_book,temporal_query,judged,0.3784,0.2325,0.5278,37
baseline-closed_book,closed_book,temporal_query,correct_answerable,0.3784,0.2000,0.5484,37
baseline-closed_book,closed_book,temporal_query,false_abstain,0.5676,0.3823,0.7500,37
guesser,guesser,all,correct,0.5267,0.4000,0.6693,150
guesser,guesser,all,exact_match,0.5267,0.4000,0.6693,150
guesser,guesser,all,judged,0.1733,0.0803,0.2638,150
guesser,guesser,all,correct_answerable,0.4621,0.3231,0.6250,132
guesser,guesser,all,false_abstain,0.0000,0.0000,0.0000,132
guesser,guesser,all,abstain_null,1.0000,1.0000,1.0000,18
guesser,guesser,comparison_query,correct,0.5397,0.4151,0.6557,63
guesser,guesser,comparison_query,exact_match,0.5397,0.4151,0.6557,63
guesser,guesser,comparison_query,judged,0.0476,0.0000,0.1029,63
guesser,guesser,comparison_query,correct_answerable,0.5397,0.4151,0.6557,63
guesser,guesser,comparison_query,false_abstain,0.0000,0.0000,0.0000,63
guesser,guesser,inference_query,correct,0.3438,0.0000,0.7178,32
guesser,guesser,inference_query,exact_match,0.3438,0.0000,0.7178,32
guesser,guesser,inference_query,judged,0.6562,0.2822,1.0000,32
guesser,guesser,inference_query,correct_answerable,0.3438,0.0000,0.7178,32
guesser,guesser,inference_query,false_abstain,0.0000,0.0000,0.0000,32
guesser,guesser,null_query,correct,1.0000,1.0000,1.0000,18
guesser,guesser,null_query,exact_match,1.0000,1.0000,1.0000,18
guesser,guesser,null_query,judged,0.0000,0.0000,0.0000,18
guesser,guesser,null_query,abstain_null,1.0000,1.0000,1.0000,18
guesser,guesser,temporal_query,correct,0.4324,0.3182,0.5882,37
guesser,guesser,temporal_query,exact_match,0.4324,0.3182,0.5882,37
guesser,guesser,temporal_query,judged,0.0541,0.0000,0.1389,37
guesser,guesser,temporal_query,correct_answerable,0.4324,0.3182,0.5882,37
guesser,guesser,temporal_query,false_abstain,0.0000,0.0000,0.0000,37
chunk-sentence-512,retrieved,all,recall@5,0.4769,0.4140,0.5607,441
chunk-sentence-512,retrieved,all,full_support@5,0.2063,0.1379,0.3040,441
chunk-sentence-512,retrieved,all,recall@10,0.6270,0.5492,0.7159,441
chunk-sentence-512,retrieved,all,full_support@10,0.3673,0.2620,0.5057,441
chunk-sentence-512,retrieved,all,mrr@10,0.5756,0.5306,0.6382,441
chunk-sentence-512,retrieved,all,ndcg@10,0.4883,0.4339,0.5575,441
chunk-sentence-512,retrieved,all,recall@2000tok,0.4444,0.3807,0.5269,441
chunk-sentence-512,retrieved,all,precision@2000tok,0.0171,0.0154,0.0195,441
chunk-sentence-512,retrieved,comparison_query,recall@5,0.5419,0.4774,0.6168,211
chunk-sentence-512,retrieved,comparison_query,full_support@5,0.2749,0.2040,0.3588,211
chunk-sentence-512,retrieved,comparison_query,recall@10,0.7014,0.6415,0.7655,211
chunk-sentence-512,retrieved,comparison_query,full_support@10,0.4834,0.3877,0.5888,211
chunk-sentence-512,retrieved,comparison_query,mrr@10,0.5842,0.5139,0.6658,211
chunk-sentence-512,retrieved,comparison_query,ndcg@10,0.5319,0.4755,0.5960,211
chunk-sentence-512,retrieved,comparison_query,recall@2000tok,0.5024,0.4321,0.5770,211
chunk-sentence-512,retrieved,comparison_query,precision@2000tok,0.0181,0.0155,0.0209,211
chunk-sentence-512,retrieved,inference_query,recall@5,0.3444,0.3037,0.4318,105
chunk-sentence-512,retrieved,inference_query,full_support@5,0.0476,0.0133,0.1228,105
chunk-sentence-512,retrieved,inference_query,recall@10,0.4762,0.4071,0.5952,105
chunk-sentence-512,retrieved,inference_query,full_support@10,0.1143,0.0345,0.2687,105
chunk-sentence-512,retrieved,inference_query,mrr@10,0.6047,0.5215,0.6951,105
chunk-sentence-512,retrieved,inference_query,ndcg@10,0.4095,0.3680,0.4974,105
chunk-sentence-512,retrieved,inference_query,recall@2000tok,0.3175,0.2824,0.3989,105
chunk-sentence-512,retrieved,inference_query,precision@2000tok,0.0173,0.0133,0.0214,105
chunk-sentence-512,retrieved,temporal_query,recall@5,0.4787,0.3984,0.5778,125
chunk-sentence-512,retrieved,temporal_query,full_support@5,0.2240,0.1351,0.3449,125
chunk-sentence-512,retrieved,temporal_query,recall@10,0.6280,0.5278,0.7357,125
chunk-sentence-512,retrieved,temporal_query,full_support@10,0.3840,0.2690,0.5376,125
chunk-sentence-512,retrieved,temporal_query,mrr@10,0.5367,0.4412,0.6432,125
chunk-sentence-512,retrieved,temporal_query,ndcg@10,0.4810,0.3983,0.5745,125
chunk-sentence-512,retrieved,temporal_query,recall@2000tok,0.4533,0.3735,0.5495,125
chunk-sentence-512,retrieved,temporal_query,precision@2000tok,0.0154,0.0127,0.0188,125
chunk-recursive-512,retrieved,all,recall@5,0.4478,0.3855,0.5241,441
chunk-recursive-512,retrieved,all,full_support@5,0.1746,0.1194,0.2531,441
chunk-recursive-512,retrieved,all,recall@10,0.6058,0.5314,0.6943,441
chunk-recursive-512,retrieved,all,full_support@10,0.3424,0.2490,0.4641,441
chunk-recursive-512,retrieved,all,mrr@10,0.5405,0.4957,0.6002,441
chunk-recursive-512,retrieved,all,ndcg@10,0.4640,0.4104,0.5328,441
chunk-recursive-512,retrieved,all,recall@2000tok,0.4240,0.3653,0.4981,441
chunk-recursive-512,retrieved,all,precision@2000tok,0.0162,0.0144,0.0183,441
chunk-recursive-512,retrieved,comparison_query,recall@5,0.4976,0.4342,0.5682,211
chunk-recursive-512,retrieved,comparison_query,full_support@5,0.2275,0.1645,0.3046,211
chunk-recursive-512,retrieved,comparison_query,recall@10,0.6651,0.5979,0.7357,211
chunk-recursive-512,retrieved,comparison_query,full_support@10,0.4455,0.3472,0.5464,211
chunk-recursive-512,retrieved,comparison_query,mrr@10,0.5609,0.4923,0.6385,211
chunk-recursive-512,retrieved,comparison_query,ndcg@10,0.5042,0.4449,0.5676,211
chunk-recursive-512,retrieved,comparison_query,recall@2000tok,0.4731,0.4129,0.5391,211
chunk-recursive-512,retrieved,comparison_query,precision@2000tok,0.0169,0.0148,0.0193,211
chunk-recursive-512,retrieved,inference_query,recall@5,0.2937,0.2351,0.3976,105
chunk-recursive-512,retrieved,inference_query,full_support@5,0.0476,0.0133,0.1228,105
chunk-recursive-512,retrieved,inference_query,recall@10,0.4413,0.4007,0.5392,105
chunk-recursive-512,retrieved,inference_query,full_support@10,0.0857,0.0382,0.1915,105
chunk-recursive-512,retrieved,inference_query,mrr@10,0.5154,0.3804,0.6149,105
chunk-recursive-512,retrieved,inference_query,ndcg@10,0.3569,0.2977,0.4362,105
chunk-recursive-512,retrieved,inference_query,recall@2000tok,0.2698,0.2171,0.3476,105
chunk-recursive-512,retrieved,inference_query,precision@2000tok,0.0147,0.0098,0.0191,105
chunk-recursive-512,retrieved,temporal_query,recall@5,0.4933,0.4105,0.5814,125
chunk-recursive-512,retrieved,temporal_query,full_support@5,0.1920,0.1143,0.2900,125
chunk-recursive-512,retrieved,temporal_query,recall@10,0.6440,0.5517,0.7463,125
chunk-recursive-512,retrieved,temporal_query,full_support@10,0.3840,0.2767,0.5269,125
chunk-recursive-512,retrieved,temporal_query,mrr@10,0.5272,0.4396,0.6195,125
chunk-recursive-512,retrieved,temporal_query,ndcg@10,0.4862,0.4088,0.5788,125
chunk-recursive-512,retrieved,temporal_query,recall@2000tok,0.4707,0.3909,0.5636,125
chunk-recursive-512,retrieved,temporal_query,precision@2000tok,0.0161,0.0133,0.0197,125
chunk-recursive-128,retrieved,all,recall@5,0.3519,0.2984,0.4240,441
chunk-recursive-128,retrieved,all,full_support@5,0.1202,0.0786,0.1780,441
chunk-recursive-128,retrieved,all,recall@10,0.4881,0.4315,0.5661,441
chunk-recursive-128,retrieved,all,full_support@10,0.2222,0.1620,0.3114,441
chunk-recursive-128,retrieved,all,mrr@10,0.4515,0.3987,0.5308,441
chunk-recursive-128,retrieved,all,ndcg@10,0.3743,0.3276,0.4425,441
chunk-recursive-128,retrieved,all,recall@2000tok,0.6383,0.5852,0.7097,441
chunk-recursive-128,retrieved,all,precision@2000tok,0.0249,0.0224,0.0274,441
chunk-recursive-128,retrieved,comparison_query,recall@5,0.4186,0.3660,0.4815,211
chunk-recursive-128,retrieved,comparison_query,full_support@5,0.1611,0.1100,0.2271,211
chunk-recursive-128,retrieved,comparison_query,recall@10,0.5616,0.5099,0.6218,211
chunk-recursive-128,retrieved,comparison_query,full_support@10,0.2938,0.2276,0.3757,211
chunk-recursive-128,retrieved,comparison_query,mrr@10,0.5241,0.4575,0.6025,211
chunk-recursive-128,retrieved,comparison_query,ndcg@10,0.4430,0.3924,0.5058,211
chunk-recursive-128,retrieved,comparison_query,recall@2000tok,0.7235,0.6698,0.7775,211
chunk-recursive-128,retrieved,comparison_query,precision@2000tok,0.0254,0.0233,0.0276,211
chunk-recursive-128,retrieved,inference_query,recall@5,0.2159,0.1694,0.3389,105
chunk-recursive-128,retrieved,inference_query,full_support@5,0.0286,0.0000,0.0938,105
chunk-recursive-128,retrieved,inference_query,recall@10,0.3548,0.2962,0.4817,105
chunk-recursive-128,retrieved,inference_query,full_support@10,0.0667,0.0113,0.1714,105
chunk-recursive-128,retrieved,inference_query,mrr@10,0.3468,0.2718,0.5191,105
chunk-recursive-128,retrieved,inference_query,ndcg@10,0.2614,0.2146,0.3752,105
chunk-recursive-128,retrieved,inference_query,recall@2000tok,0.5286,0.4850,0.6322,105
chunk-recursive-128,retrieved,inference_query,precision@2000tok,0.0289,0.0227,0.0340,105
chunk-recursive-128,retrieved,temporal_query,recall@5,0.3533,0.2825,0.4410,125
chunk-recursive-128,retrieved,temporal_query,full_support@5,0.1280,0.0680,0.2121,125
chunk-recursive-128,retrieved,temporal_query,recall@10,0.4760,0.3944,0.5807,125
chunk-recursive-128,retrieved,temporal_query,full_support@10,0.2320,0.1407,0.3558,125
chunk-recursive-128,retrieved,temporal_query,mrr@10,0.4168,0.3423,0.5067,125
chunk-recursive-128,retrieved,temporal_query,ndcg@10,0.3531,0.2919,0.4317,125
chunk-recursive-128,retrieved,temporal_query,recall@2000tok,0.5867,0.5061,0.6926,125
chunk-recursive-128,retrieved,temporal_query,precision@2000tok,0.0206,0.0174,0.0245,125
chunk-recursive-256,retrieved,all,recall@5,0.3906,0.3328,0.4698,441
chunk-recursive-256,retrieved,all,full_support@5,0.1519,0.1036,0.2257,441
chunk-recursive-256,retrieved,all,recall@10,0.5310,0.4638,0.6159,441
chunk-recursive-256,retrieved,all,full_support@10,0.2653,0.1921,0.3701,441
chunk-recursive-256,retrieved,all,mrr@10,0.4640,0.4187,0.5285,441
chunk-recursive-256,retrieved,all,ndcg@10,0.3986,0.3512,0.4670,441
chunk-recursive-256,retrieved,all,recall@2000tok,0.5119,0.4444,0.5998,441
chunk-recursive-256,retrieved,all,precision@2000tok,0.0192,0.0170,0.0222,441
chunk-recursive-256,retrieved,comparison_query,recall@5,0.4834,0.4193,0.5544,211
chunk-recursive-256,retrieved,comparison_query,full_support@5,0.2227,0.1566,0.3035,211
chunk-recursive-256,retrieved,comparison_query,recall@10,0.6106,0.5461,0.6815,211
chunk-recursive-256,retrieved,comparison_query,full_support@10,0.3460,0.2609,0.4458,211
chunk-recursive-256,retrieved,comparison_query,mrr@10,0.5287,0.4629,0.6034,211
chunk-recursive-256,retrieved,comparison_query,ndcg@10,0.4696,0.4124,0.5352,211
chunk-recursive-256,retrieved,comparison_query,recall@2000tok,0.5940,0.5273,0.6677,211
chunk-recursive-256,retrieved,comparison_query,precision@2000tok,0.0210,0.0186,0.0239,211
chunk-recursive-256,retrieved,inference_query,recall@5,0.2183,0.1644,0.3103,105
chunk-recursive-256,retrieved,inference_query,full_support@5,0.0190,0.0000,0.0714,105
chunk-recursive-256,retrieved,inference_query,recall@10,0.3746,0.3109,0.5132,105
chunk-recursive-256,retrieved,inference_query,full_support@10,0.0857,0.0282,0.2408,105
chunk-recursive-256,retrieved,inference_query,mrr@10,0.3896,0.2405,0.5142,105
chunk-recursive-256,retrieved,inference_query,ndcg@10,0.2805,0.2082,0.3729,105
chunk-recursive-256,retrieved,inference_query,recall@2000tok,0.3452,0.2867,0.4737,105
chunk-recursive-256,retrieved,inference_query,precision@2000tok,0.0180,0.0128,0.0233,105
chunk-recursive-256,retrieved,temporal_query,recall@5,0.3787,0.3071,0.4766,125
chunk-recursive-256,retrieved,temporal_query,full_support@5,0.1440,0.0800,0.2339,125
chunk-recursive-256,retrieved,temporal_query,recall@10,0.5280,0.4503,0.6360,125
chunk-recursive-256,retrieved,temporal_query,full_support@10,0.2800,0.1852,0.4194,125
chunk-recursive-256,retrieved,temporal_query,mrr@10,0.4172,0.3436,0.5125,125
chunk-recursive-256,retrieved,temporal_query,ndcg@10,0.3781,0.3173,0.4662,125
chunk-recursive-256,retrieved,temporal_query,recall@2000tok,0.5133,0.4378,0.6165,125
chunk-recursive-256,retrieved,temporal_query,precision@2000tok,0.0172,0.0143,0.0213,125
chunk-recursive-1024,retrieved,all,recall@5,0.5361,0.4615,0.6144,441
chunk-recursive-1024,retrieved,all,full_support@5,0.2517,0.1776,0.3489,441
chunk-recursive-1024,retrieved,all,recall@10,0.7075,0.6211,0.7932,441
chunk-recursive-1024,retrieved,all,full_support@10,0.4853,0.3499,0.6286,441
chunk-recursive-1024,retrieved,all,mrr@10,0.6157,0.5645,0.6762,441
chunk-recursive-1024,retrieved,all,ndcg@10,0.5489,0.4866,0.6147,441
chunk-recursive-1024,retrieved,all,recall@2000tok,0.3668,0.3047,0.4366,441
chunk-recursive-1024,retrieved,all,precision@2000tok,0.0140,0.0126,0.0157,441
chunk-recursive-1024,retrieved,comparison_query,recall@5,0.5742,0.5107,0.6447,211
chunk-recursive-1024,retrieved,comparison_query,full_support@5,0.3223,0.2460,0.4101,211
chunk-recursive-1024,retrieved,comparison_query,recall@10,0.7314,0.6555,0.8031,211
chunk-recursive-1024,retrieved,comparison_query,full_support@10,0.5640,0.4648,0.6686,211
chunk-recursive-1024,retrieved,comparison_query,mrr@10,0.6233,0.5520,0.7022,211
chunk-recursive-1024,retrieved,comparison_query,ndcg@10,0.5690,0.5091,0.6326,211
chunk-recursive-1024,retrieved,comparison_query,recall@2000tok,0.3949,0.3321,0.4620,211
chunk-recursive-1024,retrieved,comparison_query,precision@2000tok,0.0140,0.0120,0.0164,211
chunk-recursive-1024,retrieved,inference_query,recall@5,0.4183,0.3468,0.5443,105
chunk-recursive-1024,retrieved,inference_query,full_support@5,0.0762,0.0252,0.1840,105
chunk-recursive-1024,retrieved,inference_query,recall@10,0.5873,0.4929,0.7376,105
chunk-recursive-1024,retrieved,inference_query,full_support@10,0.2190,0.0876,0.4348,105
chunk-recursive-1024,retrieved,inference_query,mrr@10,0.5846,0.5166,0.6410,105
chunk-recursive-1024,retrieved,inference_query,ndcg@10,0.4637,0.4009,0.5655,105
chunk-recursive-1024,retrieved,inference_query,recall@2000tok,0.2706,0.2123,0.3660,105
chunk-recursive-1024,retrieved,inference_query,precision@2000tok,0.0143,0.0107,0.0180,105
chunk-recursive-1024,retrieved,temporal_query,recall@5,0.5707,0.4748,0.6628,125
chunk-recursive-1024,retrieved,temporal_query,full_support@5,0.2800,0.1897,0.3945,125
chunk-recursive-1024,retrieved,temporal_query,recall@10,0.7680,0.6755,0.8544,125
chunk-recursive-1024,retrieved,temporal_query,full_support@10,0.5760,0.4558,0.7093,125
chunk-recursive-1024,retrieved,temporal_query,mrr@10,0.6290,0.5132,0.7342,125
chunk-recursive-1024,retrieved,temporal_query,ndcg@10,0.5865,0.4962,0.6649,125
chunk-recursive-1024,retrieved,temporal_query,recall@2000tok,0.4000,0.3095,0.4882,125
chunk-recursive-1024,retrieved,temporal_query,precision@2000tok,0.0137,0.0112,0.0167,125
chunk-fixed-128,retrieved,all,recall@5,0.3817,0.3299,0.4509,441
chunk-fixed-128,retrieved,all,full_support@5,0.1361,0.0868,0.2081,441
chunk-fixed-128,retrieved,all,recall@10,0.5204,0.4640,0.5999,441
chunk-fixed-128,retrieved,all,full_support@10,0.2494,0.1821,0.3481,441
chunk-fixed-128,retrieved,all,mrr@10,0.4774,0.4343,0.5377,441
chunk-fixed-128,retrieved,all,ndcg@10,0.3700,0.3316,0.4255,441
chunk-fixed-128,retrieved,all,recall@2000tok,0.6094,0.5466,0.6846,441
chunk-fixed-128,retrieved,all,precision@2000tok,0.0218,0.0203,0.0236,441
chunk-fixed-128,retrieved,comparison_query,recall@5,0.4526,0.3945,0.5201,211
chunk-fixed-128,retrieved,comparison_query,full_support@5,0.1943,0.1276,0.2827,211
chunk-fixed-128,retrieved,comparison_query,recall@10,0.6066,0.5502,0.6748,211
chunk-fixed-128,retrieved,comparison_query,full_support@10,0.3460,0.2692,0.4375,211
chunk-fixed-128,retrieved,comparison_query,mrr@10,0.5158,0.4540,0.5832,211
chunk-fixed-128,retrieved,comparison_query,ndcg@10,0.4182,0.3701,0.4742,211
chunk-fixed-128,retrieved,comparison_query,recall@2000tok,0.6769,0.6205,0.7400,211
chunk-fixed-128,retrieved,comparison_query,precision@2000tok,0.0221,0.0201,0.0245,211
chunk-fixed-128,retrieved,inference_query,recall@5,0.2698,0.2388,0.3500,105
chunk-fixed-128,retrieved,inference_query,full_support@5,0.0190,0.0000,0.0588,105
chunk-fixed-128,retrieved,inference_query,recall@10,0.3857,0.3380,0.4782,105
chunk-fixed-128,retrieved,inference_query,full_support@10,0.0571,0.0167,0.1250,105
chunk-fixed-128,retrieved,inference_query,mrr@10,0.4127,0.3039,0.5325,105
chunk-fixed-128,retrieved,inference_query,ndcg@10,0.2856,0.2408,0.3598,105
chunk-fixed-128,retrieved,inference_query,recall@2000tok,0.4849,0.4210,0.5899,105
chunk-fixed-128,retrieved,inference_query,precision@2000tok,0.0239,0.0192,0.0275,105
chunk-fixed-128,retrieved,temporal_query,recall@5,0.3560,0.2738,0.4467,125
chunk-fixed-128,retrieved,temporal_query,full_support@5,0.1360,0.0678,0.2222,125
chunk-fixed-128,retrieved,temporal_query,recall@10,0.4880,0.4057,0.5859,125
chunk-fixed-128,retrieved,temporal_query,full_support@10,0.2480,0.1597,0.3600,125
chunk-fixed-128,retrieved,temporal_query,mrr@10,0.4668,0.3510,0.5868,125
chunk-fixed-128,retrieved,temporal_query,ndcg@10,0.3593,0.2812,0.4437,125
chunk-fixed-128,retrieved,temporal_query,recall@2000tok,0.6000,0.5168,0.6975,125
chunk-fixed-128,retrieved,temporal_query,precision@2000tok,0.0194,0.0167,0.0229,125
chunk-fixed-512-overlap-10,retrieved,all,recall@5,0.4626,0.3968,0.5583,441
chunk-fixed-512-overlap-10,retrieved,all,full_support@5,0.2063,0.1395,0.3030,441
chunk-fixed-512-overlap-10,retrieved,all,recall@10,0.6109,0.5319,0.7113,441
chunk-fixed-512-overlap-10,retrieved,all,full_support@10,0.3651,0.2602,0.5056,441
chunk-fixed-512-overlap-10,retrieved,all,mrr@10,0.5218,0.4651,0.5901,441
chunk-fixed-512-overlap-10,retrieved,all,ndcg@10,0.4434,0.3844,0.5238,441
chunk-fixed-512-overlap-10,retrieved,all,recall@2000tok,0.4199,0.3602,0.5071,441
chunk-fixed-512-overlap-10,retrieved,all,precision@2000tok,0.0161,0.0139,0.0185,441
chunk-fixed-512-overlap-10,retrieved,comparison_query,recall@5,0.5316,0.4706,0.6041,211
chunk-fixed-512-overlap-10,retrieved,comparison_query,full_support@5,0.2938,0.2202,0.3863,211
chunk-fixed-512-overlap-10,retrieved,comparison_query,recall@10,0.6896,0.6280,0.7547,211
chunk-fixed-512-overlap-10,retrieved,comparison_query,full_support@10,0.4834,0.3889,0.5824,211
chunk-fixed-512-overlap-10,retrieved,comparison_query,mrr@10,0.5481,0.4865,0.6193,211
chunk-fixed-512-overlap-10,retrieved,comparison_query,ndcg@10,0.4987,0.4436,0.5586,211
chunk-fixed-512-overlap-10,retrieved,comparison_query,recall@2000tok,0.4810,0.4226,0.5494,211
chunk-fixed-512-overlap-10,retrieved,comparison_query,precision@2000tok,0.0168,0.0148,0.0192,211
chunk-fixed-512-overlap-10,retrieved,inference_query,recall@5,0.2952,0.2293,0.4130,105
chunk-fixed-512-overlap-10,retrieved,inference_query,full_support@5,0.0381,0.0000,0.1200,105
chunk-fixed-512-overlap-10,retrieved,inference_query,recall@10,0.4198,0.3625,0.5675,105
chunk-fixed-512-overlap-10,retrieved,inference_query,full_support@10,0.0952,0.0256,0.2535,105
chunk-fixed-512-overlap-10,retrieved,inference_query,mrr@10,0.4645,0.3193,0.5960,105
chunk-fixed-512-overlap-10,retrieved,inference_query,ndcg@10,0.3085,0.2474,0.4303,105
chunk-fixed-512-overlap-10,retrieved,inference_query,recall@2000tok,0.2571,0.1907,0.3399,105
chunk-fixed-512-overlap-10,retrieved,inference_query,precision@2000tok,0.0149,0.0089,0.0201,105
chunk-fixed-512-overlap-10,retrieved,temporal_query,recall@5,0.4867,0.4076,0.5843,125
chunk-fixed-512-overlap-10,retrieved,temporal_query,full_support@5,0.2000,0.1138,0.3153,125
chunk-fixed-512-overlap-10,retrieved,temporal_query,recall@10,0.6387,0.5474,0.7391,125
chunk-fixed-512-overlap-10,retrieved,temporal_query,full_support@10,0.3920,0.2803,0.5361,125
chunk-fixed-512-overlap-10,retrieved,temporal_query,mrr@10,0.5257,0.4438,0.6200,125
chunk-fixed-512-overlap-10,retrieved,temporal_query,ndcg@10,0.4633,0.3849,0.5526,125
chunk-fixed-512-overlap-10,retrieved,temporal_query,recall@2000tok,0.4533,0.3712,0.5439,125
chunk-fixed-512-overlap-10,retrieved,temporal_query,precision@2000tok,0.0159,0.0133,0.0192,125
chunk-fixed-512-overlap-20,retrieved,all,recall@5,0.4397,0.3816,0.5199,441
chunk-fixed-512-overlap-20,retrieved,all,full_support@5,0.1769,0.1171,0.2665,441
chunk-fixed-512-overlap-20,retrieved,all,recall@10,0.5960,0.5256,0.6831,441
chunk-fixed-512-overlap-20,retrieved,all,full_support@10,0.3288,0.2281,0.4605,441
chunk-fixed-512-overlap-20,retrieved,all,mrr@10,0.5161,0.4638,0.5777,441
chunk-fixed-512-overlap-20,retrieved,all,ndcg@10,0.4384,0.3897,0.5053,441
chunk-fixed-512-overlap-20,retrieved,all,recall@2000tok,0.3878,0.3327,0.4665,441
chunk-fixed-512-overlap-20,retrieved,all,precision@2000tok,0.0148,0.0129,0.0172,441
chunk-fixed-512-overlap-20,retrieved,comparison_query,recall@5,0.4953,0.4374,0.5640,211
chunk-fixed-512-overlap-20,retrieved,comparison_query,full_support@5,0.2227,0.1521,0.3048,211
chunk-fixed-512-overlap-20,retrieved,comparison_query,recall@10,0.6540,0.5933,0.7202,211
chunk-fixed-512-overlap-20,retrieved,comparison_query,full_support@10,0.4218,0.3333,0.5210,211
chunk-fixed-512-overlap-20,retrieved,comparison_query,mrr@10,0.5650,0.4984,0.6351,211
chunk-fixed-512-overlap-20,retrieved,comparison_query,ndcg@10,0.4914,0.4335,0.5541,211
chunk-fixed-512-overlap-20,retrieved,comparison_query,recall@2000tok,0.4510,0.3900,0.5231,211
chunk-fixed-512-overlap-20,retrieved,comparison_query,precision@2000tok,0.0157,0.0138,0.0181,211
chunk-fixed-512-overlap-20,retrieved,inference_query,recall@5,0.2881,0.2259,0.4085,105
chunk-fixed-512-overlap-20,retrieved,inference_query,full_support@5,0.0381,0.0000,0.1282,105
chunk-fixed-512-overlap-20,retrieved,inference_query,recall@10,0.4206,0.3723,0.5417,105
chunk-fixed-512-overlap-20,retrieved,inference_query,full_support@10,0.0857,0.0305,0.2097,105
chunk-fixed-512-overlap-20,retrieved,inference_query,mrr@10,0.4693,0.3250,0.6046,105
chunk-fixed-512-overlap-20,retrieved,inference_query,ndcg@10,0.3203,0.2600,0.4061,105
chunk-fixed-512-overlap-20,retrieved,inference_query,recall@2000tok,0.2492,0.1937,0.3538,105
chunk-fixed-512-overlap-20,retrieved,inference_query,precision@2000tok,0.0144,0.0093,0.0198,105
chunk-fixed-512-overlap-20,retrieved,temporal_query,recall@5,0.4733,0.3983,0.5621,125
chunk-fixed-512-overlap-20,retrieved,temporal_query,full_support@5,0.2160,0.1299,0.3361,125
chunk-fixed-512-overlap-20,retrieved,temporal_query,recall@10,0.6453,0.5573,0.7396,125
chunk-fixed-512-overlap-20,retrieved,temporal_query,full_support@10,0.3760,0.2548,0.5233,125
chunk-fixed-512-overlap-20,retrieved,temporal_query,mrr@10,0.4729,0.3985,0.5539,125
chunk-fixed-512-overlap-20,retrieved,temporal_query,ndcg@10,0.4482,0.3812,0.5228,125
chunk-fixed-512-overlap-20,retrieved,temporal_query,recall@2000tok,0.3973,0.3262,0.4942,125
chunk-fixed-512-overlap-20,retrieved,temporal_query,precision@2000tok,0.0135,0.0108,0.0173,125
chunk-parent-child-128-512,retrieved,all,recall@5,0.5068,0.4499,0.5846,441
chunk-parent-child-128-512,retrieved,all,full_support@5,0.2290,0.1681,0.3199,441
chunk-parent-child-128-512,retrieved,all,recall@10,0.6782,0.6230,0.7531,441
chunk-parent-child-128-512,retrieved,all,full_support@10,0.4195,0.3228,0.5530,441
chunk-parent-child-128-512,retrieved,all,mrr@10,0.5990,0.5581,0.6615,441
chunk-parent-child-128-512,retrieved,all,ndcg@10,0.5264,0.4808,0.5951,441
chunk-parent-child-128-512,retrieved,all,recall@2000tok,0.4575,0.4010,0.5403,441
chunk-parent-child-128-512,retrieved,all,precision@2000tok,0.0178,0.0159,0.0201,441
chunk-parent-child-128-512,retrieved,comparison_query,recall@5,0.5537,0.4926,0.6250,211
chunk-parent-child-128-512,retrieved,comparison_query,full_support@5,0.2891,0.2222,0.3757,211
chunk-parent-child-128-512,retrieved,comparison_query,recall@10,0.7417,0.6864,0.7991,211
chunk-parent-child-128-512,retrieved,comparison_query,full_support@10,0.5308,0.4449,0.6262,211
chunk-parent-child-128-512,retrieved,comparison_query,mrr@10,0.6479,0.5835,0.7247,211
chunk-parent-child-128-512,retrieved,comparison_query,ndcg@10,0.5837,0.5303,0.6479,211
chunk-parent-child-128-512,retrieved,comparison_query,recall@2000tok,0.5032,0.4394,0.5833,211
chunk-parent-child-128-512,retrieved,comparison_query,precision@2000tok,0.0182,0.0158,0.0211,211
chunk-parent-child-128-512,retrieved,inference_query,recall@5,0.3825,0.3305,0.4922,105
chunk-parent-child-128-512,retrieved,inference_query,full_support@5,0.0762,0.0370,0.1609,105
chunk-parent-child-128-512,retrieved,inference_query,recall@10,0.5500,0.4950,0.6667,105
chunk-parent-child-128-512,retrieved,inference_query,full_support@10,0.1810,0.1022,0.3774,105
chunk-parent-child-128-512,retrieved,inference_query,mrr@10,0.5432,0.4352,0.6647,105
chunk-parent-child-128-512,retrieved,inference_query,ndcg@10,0.4285,0.3700,0.5311,105
chunk-parent-child-128-512,retrieved,inference_query,recall@2000tok,0.3325,0.2842,0.4202,105
chunk-parent-child-128-512,retrieved,inference_query,precision@2000tok,0.0180,0.0134,0.0222,105
chunk-parent-child-128-512,retrieved,temporal_query,recall@5,0.5320,0.4423,0.6340,125
chunk-parent-child-128-512,retrieved,temporal_query,full_support@5,0.2560,0.1486,0.3962,125
chunk-parent-child-128-512,retrieved,temporal_query,recall@10,0.6787,0.5884,0.7832,125
chunk-parent-child-128-512,retrieved,temporal_query,full_support@10,0.4320,0.3106,0.5947,125
chunk-parent-child-128-512,retrieved,temporal_query,mrr@10,0.5633,0.4802,0.6477,125
chunk-parent-child-128-512,retrieved,temporal_query,ndcg@10,0.5118,0.4418,0.5930,125
chunk-parent-child-128-512,retrieved,temporal_query,recall@2000tok,0.4853,0.4013,0.5868,125
chunk-parent-child-128-512,retrieved,temporal_query,precision@2000tok,0.0169,0.0142,0.0203,125
chunk-recursive-64,retrieved,all,recall@5,0.3776,0.3330,0.4428,441
chunk-recursive-64,retrieved,all,full_support@5,0.1361,0.0927,0.2006,441
chunk-recursive-64,retrieved,all,recall@10,0.4909,0.4424,0.5660,441
chunk-recursive-64,retrieved,all,full_support@10,0.2381,0.1716,0.3296,441
chunk-recursive-64,retrieved,all,mrr@10,0.4793,0.4239,0.5460,441
chunk-recursive-64,retrieved,all,ndcg@10,0.3892,0.3466,0.4507,441
chunk-recursive-64,retrieved,all,recall@2000tok,0.7324,0.6856,0.8007,441
chunk-recursive-64,retrieved,all,precision@2000tok,0.0295,0.0255,0.0343,441
chunk-recursive-64,retrieved,comparison_query,recall@5,0.4550,0.3996,0.5217,211
chunk-recursive-64,retrieved,comparison_query,full_support@5,0.1991,0.1359,0.2824,211
chunk-recursive-64,retrieved,comparison_query,recall@10,0.5853,0.5256,0.6513,211
chunk-recursive-64,retrieved,comparison_query,full_support@10,0.3507,0.2723,0.4428,211
chunk-recursive-64,retrieved,comparison_query,mrr@10,0.5542,0.4854,0.6328,211
chunk-recursive-64,retrieved,comparison_query,ndcg@10,0.4673,0.4111,0.5307,211
chunk-recursive-64,retrieved,comparison_query,recall@2000tok,0.8246,0.7861,0.8702,211
chunk-recursive-64,retrieved,comparison_query,precision@2000tok,0.0294,0.0267,0.0325,211
chunk-recursive-64,retrieved,inference_query,recall@5,0.2984,0.2411,0.3989,105
chunk-recursive-64,retrieved,inference_query,full_support@5,0.0381,0.0083,0.1000,105
chunk-recursive-64,retrieved,inference_query,recall@10,0.4048,0.3231,0.5047,105
chunk-recursive-64,retrieved,inference_query,full_support@10,0.0857,0.0407,0.1961,105
chunk-recursive-64,retrieved,inference_query,mrr@10,0.4395,0.3286,0.6122,105
chunk-recursive-64,retrieved,inference_query,ndcg@10,0.3210,0.2578,0.4181,105
chunk-recursive-64,retrieved,inference_query,recall@2000tok,0.6127,0.5626,0.6942,105
chunk-recursive-64,retrieved,inference_query,precision@2000tok,0.0361,0.0261,0.0444,105
chunk-recursive-64,retrieved,temporal_query,recall@5,0.3133,0.2500,0.4024,125
chunk-recursive-64,retrieved,temporal_query,full_support@5,0.1120,0.0552,0.1923,125
chunk-recursive-64,retrieved,temporal_query,recall@10,0.4040,0.3267,0.5061,125
chunk-recursive-64,retrieved,temporal_query,full_support@10,0.1760,0.1008,0.2766,125
chunk-recursive-64,retrieved,temporal_query,mrr@10,0.3863,0.3127,0.4680,125
chunk-recursive-64,retrieved,temporal_query,ndcg@10,0.3147,0.2569,0.3915,125
chunk-recursive-64,retrieved,temporal_query,recall@2000tok,0.6773,0.5995,0.7821,125
chunk-recursive-64,retrieved,temporal_query,precision@2000tok,0.0242,0.0203,0.0283,125
chunk-parent-child-128-256,retrieved,all,recall@5,0.4229,0.3624,0.5046,441
chunk-parent-child-128-256,retrieved,all,full_support@5,0.1610,0.1094,0.2408,441
chunk-parent-child-128-256,retrieved,all,recall@10,0.5663,0.5099,0.6424,441
chunk-parent-child-128-256,retrieved,all,full_support@10,0.2971,0.2292,0.3988,441
chunk-parent-child-128-256,retrieved,all,mrr@10,0.5198,0.4623,0.6033,441
chunk-parent-child-128-256,retrieved,all,ndcg@10,0.4402,0.3875,0.5139,441
chunk-parent-child-128-256,retrieved,all,recall@2000tok,0.5499,0.4919,0.6267,441
chunk-parent-child-128-256,retrieved,all,precision@2000tok,0.0211,0.0193,0.0234,441
chunk-parent-child-128-256,retrieved,comparison_query,recall@5,0.4937,0.4358,0.5626,211
chunk-parent-child-128-256,retrieved,comparison_query,full_support@5,0.2180,0.1485,0.3006,211
chunk-parent-child-128-256,retrieved,comparison_query,recall@10,0.6367,0.5792,0.7036,211
chunk-parent-child-128-256,retrieved,comparison_query,full_support@10,0.3839,0.3010,0.4842,211
chunk-parent-child-128-256,retrieved,comparison_query,mrr@10,0.5919,0.5260,0.6715,211
chunk-parent-child-128-256,retrieved,comparison_query,ndcg@10,0.5105,0.4546,0.5780,211
chunk-parent-child-128-256,retrieved,comparison_query,recall@2000tok,0.6169,0.5601,0.6850,211
chunk-parent-child-128-256,retrieved,comparison_query,precision@2000tok,0.0220,0.0199,0.0246,211
chunk-parent-child-128-256,retrieved,inference_query,recall@5,0.2873,0.2349,0.4017,105
chunk-parent-child-128-256,retrieved,inference_query,full_support@5,0.0190,0.0000,0.0860,105
chunk-parent-child-128-256,retrieved,inference_query,recall@10,0.4357,0.3601,0.5564,105
chunk-parent-child-128-256,retrieved,inference_query,full_support@10,0.1143,0.0544,0.2414,105
chunk-parent-child-128-256,retrieved,inference_query,mrr@10,0.4109,0.3271,0.6191,105
chunk-parent-child-128-256,retrieved,inference_query,ndcg@10,0.3234,0.2636,0.4666,105
chunk-parent-child-128-256,retrieved,inference_query,recall@2000tok,0.4190,0.3460,0.5378,105
chunk-parent-child-128-256,retrieved,inference_query,precision@2000tok,0.0221,0.0163,0.0268,105
chunk-parent-child-128-256,retrieved,temporal_query,recall@5,0.4173,0.3371,0.5165,125
chunk-parent-child-128-256,retrieved,temporal_query,full_support@5,0.1840,0.1089,0.2931,125
chunk-parent-child-128-256,retrieved,temporal_query,recall@10,0.5573,0.4812,0.6529,125
chunk-parent-child-128-256,retrieved,temporal_query,full_support@10,0.3040,0.2090,0.4334,125
chunk-parent-child-128-256,retrieved,temporal_query,mrr@10,0.4894,0.4059,0.5760,125
chunk-parent-child-128-256,retrieved,temporal_query,ndcg@10,0.4197,0.3562,0.4987,125
chunk-parent-child-128-256,retrieved,temporal_query,recall@2000tok,0.5467,0.4677,0.6419,125
chunk-parent-child-128-256,retrieved,temporal_query,precision@2000tok,0.0190,0.0162,0.0227,125
chunk-semantic-128,retrieved,all,recall@5,0.3878,0.3277,0.4645,441
chunk-semantic-128,retrieved,all,full_support@5,0.1497,0.1048,0.2133,441
chunk-semantic-128,retrieved,all,recall@10,0.5093,0.4503,0.5850,441
chunk-semantic-128,retrieved,all,full_support@10,0.2313,0.1674,0.3182,441
chunk-semantic-128,retrieved,all,mrr@10,0.4828,0.4307,0.5484,441
chunk-semantic-128,retrieved,all,ndcg@10,0.3988,0.3483,0.4631,441
chunk-semantic-128,retrieved,all,recall@2000tok,0.6336,0.5663,0.7105,441
chunk-semantic-128,retrieved,all,precision@2000tok,0.0242,0.0226,0.0261,441
chunk-semantic-128,retrieved,comparison_query,recall@5,0.4558,0.3947,0.5297,211
chunk-semantic-128,retrieved,comparison_query,full_support@5,0.2085,0.1460,0.2850,211
chunk-semantic-128,retrieved,comparison_query,recall@10,0.5798,0.5196,0.6512,211
chunk-semantic-128,retrieved,comparison_query,full_support@10,0.3175,0.2400,0.4091,211
chunk-semantic-128,retrieved,comparison_query,mrr@10,0.5383,0.4690,0.6135,211
chunk-semantic-128,retrieved,comparison_query,ndcg@10,0.4611,0.4027,0.5282,211
chunk-semantic-128,retrieved,comparison_query,recall@2000tok,0.7141,0.6473,0.7863,211
chunk-semantic-128,retrieved,comparison_query,precision@2000tok,0.0253,0.0232,0.0279,211
chunk-semantic-128,retrieved,inference_query,recall@5,0.2397,0.1875,0.3268,105
chunk-semantic-128,retrieved,inference_query,full_support@5,0.0286,0.0000,0.0682,105
chunk-semantic-128,retrieved,inference_query,recall@10,0.3643,0.3086,0.4547,105
chunk-semantic-128,retrieved,inference_query,full_support@10,0.0571,0.0144,0.1176,105
chunk-semantic-128,retrieved,inference_query,mrr@10,0.3929,0.3211,0.5245,105
chunk-semantic-128,retrieved,inference_query,ndcg@10,0.2856,0.2386,0.3763,105
chunk-semantic-128,retrieved,inference_query,recall@2000tok,0.4897,0.4240,0.5976,105
chunk-semantic-128,retrieved,inference_query,precision@2000tok,0.0258,0.0208,0.0296,105
chunk-semantic-128,retrieved,temporal_query,recall@5,0.3973,0.3162,0.4943,125
chunk-semantic-128,retrieved,temporal_query,full_support@5,0.1520,0.0823,0.2501,125
chunk-semantic-128,retrieved,temporal_query,recall@10,0.5120,0.4306,0.6153,125
chunk-semantic-128,retrieved,temporal_query,full_support@10,0.2320,0.1392,0.3556,125
chunk-semantic-128,retrieved,temporal_query,mrr@10,0.4646,0.3576,0.5604,125
chunk-semantic-128,retrieved,temporal_query,ndcg@10,0.3889,0.3138,0.4660,125
chunk-semantic-128,retrieved,temporal_query,recall@2000tok,0.6187,0.5326,0.7153,125
chunk-semantic-128,retrieved,temporal_query,precision@2000tok,0.0211,0.0185,0.0245,125
chunk-recursive-128-k25,retrieved,all,recall@5,0.3519,0.2984,0.4240,441
chunk-recursive-128-k25,retrieved,all,full_support@5,0.1202,0.0786,0.1780,441
chunk-recursive-128-k25,retrieved,all,recall@10,0.4881,0.4315,0.5661,441
chunk-recursive-128-k25,retrieved,all,full_support@10,0.2222,0.1620,0.3114,441
chunk-recursive-128-k25,retrieved,all,mrr@10,0.4516,0.3989,0.5308,441
chunk-recursive-128-k25,retrieved,all,ndcg@10,0.3743,0.3277,0.4425,441
chunk-recursive-128-k25,retrieved,all,recall@2000tok,0.6383,0.5852,0.7097,441
chunk-recursive-128-k25,retrieved,all,precision@2000tok,0.0249,0.0224,0.0274,441
chunk-recursive-128-k25,retrieved,all,correct,0.5600,0.4667,0.6403,150
chunk-recursive-128-k25,retrieved,all,judge_agrees_with_match,1.0000,1.0000,1.0000,112
chunk-recursive-128-k25,retrieved,all,exact_match,0.3333,0.2242,0.4323,150
chunk-recursive-128-k25,retrieved,all,judged,0.2533,0.1788,0.3433,150
chunk-recursive-128-k25,retrieved,all,correct_answerable,0.5000,0.3864,0.5906,132
chunk-recursive-128-k25,retrieved,all,false_abstain,0.4697,0.3855,0.5758,132
chunk-recursive-128-k25,retrieved,all,abstain_null,1.0000,1.0000,1.0000,18
chunk-recursive-128-k25,retrieved,all,faithful,0.6857,0.5686,0.7792,70
chunk-recursive-128-k25,retrieved,comparison_query,recall@5,0.4186,0.3660,0.4815,211
chunk-recursive-128-k25,retrieved,comparison_query,full_support@5,0.1611,0.1100,0.2271,211
chunk-recursive-128-k25,retrieved,comparison_query,recall@10,0.5616,0.5099,0.6218,211
chunk-recursive-128-k25,retrieved,comparison_query,full_support@10,0.2938,0.2276,0.3757,211
chunk-recursive-128-k25,retrieved,comparison_query,mrr@10,0.5241,0.4575,0.6025,211
chunk-recursive-128-k25,retrieved,comparison_query,ndcg@10,0.4430,0.3924,0.5058,211
chunk-recursive-128-k25,retrieved,comparison_query,recall@2000tok,0.7235,0.6698,0.7775,211
chunk-recursive-128-k25,retrieved,comparison_query,precision@2000tok,0.0254,0.0233,0.0276,211
chunk-recursive-128-k25,retrieved,comparison_query,correct,0.3333,0.2154,0.4717,63
chunk-recursive-128-k25,retrieved,comparison_query,judge_agrees_with_match,1.0000,1.0000,1.0000,41
chunk-recursive-128-k25,retrieved,comparison_query,exact_match,0.0000,0.0000,0.0000,63
chunk-recursive-128-k25,retrieved,comparison_query,judged,0.3492,0.2273,0.4915,63
chunk-recursive-128-k25,retrieved,comparison_query,correct_answerable,0.3333,0.2154,0.4717,63
chunk-recursive-128-k25,retrieved,comparison_query,false_abstain,0.6508,0.5085,0.7727,63
chunk-recursive-128-k25,retrieved,comparison_query,faithful,0.6818,0.4762,0.8696,22
chunk-recursive-128-k25,retrieved,inference_query,recall@5,0.2159,0.1694,0.3389,105
chunk-recursive-128-k25,retrieved,inference_query,full_support@5,0.0286,0.0000,0.0938,105
chunk-recursive-128-k25,retrieved,inference_query,recall@10,0.3548,0.2962,0.4817,105
chunk-recursive-128-k25,retrieved,inference_query,full_support@10,0.0667,0.0113,0.1714,105
chunk-recursive-128-k25,retrieved,inference_query,mrr@10,0.3473,0.2721,0.5191,105
chunk-recursive-128-k25,retrieved,inference_query,ndcg@10,0.2616,0.2147,0.3752,105
chunk-recursive-128-k25,retrieved,inference_query,recall@2000tok,0.5286,0.4850,0.6322,105
chunk-recursive-128-k25,retrieved,inference_query,precision@2000tok,0.0289,0.0227,0.0340,105
chunk-recursive-128-k25,retrieved,inference_query,correct,1.0000,1.0000,1.0000,32
chunk-recursive-128-k25,retrieved,inference_query,judge_agrees_with_match,1.0000,1.0000,1.0000,31
chunk-recursive-128-k25,retrieved,inference_query,faithful,0.7812,0.6667,0.8948,32
chunk-recursive-128-k25,retrieved,inference_query,exact_match,0.9688,0.9048,1.0000,32
chunk-recursive-128-k25,retrieved,inference_query,judged,0.0312,0.0000,0.0952,32
chunk-recursive-128-k25,retrieved,inference_query,correct_answerable,1.0000,1.0000,1.0000,32
chunk-recursive-128-k25,retrieved,inference_query,false_abstain,0.0000,0.0000,0.0000,32
chunk-recursive-128-k25,retrieved,null_query,correct,1.0000,1.0000,1.0000,18
chunk-recursive-128-k25,retrieved,null_query,judge_agrees_with_match,1.0000,1.0000,1.0000,18
chunk-recursive-128-k25,retrieved,null_query,exact_match,1.0000,1.0000,1.0000,18
chunk-recursive-128-k25,retrieved,null_query,judged,0.0000,0.0000,0.0000,18
chunk-recursive-128-k25,retrieved,null_query,abstain_null,1.0000,1.0000,1.0000,18
chunk-recursive-128-k25,retrieved,temporal_query,recall@5,0.3533,0.2825,0.4410,125
chunk-recursive-128-k25,retrieved,temporal_query,full_support@5,0.1280,0.0680,0.2121,125
chunk-recursive-128-k25,retrieved,temporal_query,recall@10,0.4760,0.3944,0.5807,125
chunk-recursive-128-k25,retrieved,temporal_query,full_support@10,0.2320,0.1407,0.3558,125
chunk-recursive-128-k25,retrieved,temporal_query,mrr@10,0.4168,0.3423,0.5067,125
chunk-recursive-128-k25,retrieved,temporal_query,ndcg@10,0.3531,0.2919,0.4317,125
chunk-recursive-128-k25,retrieved,temporal_query,recall@2000tok,0.5867,0.5061,0.6926,125
chunk-recursive-128-k25,retrieved,temporal_query,precision@2000tok,0.0206,0.0174,0.0245,125
chunk-recursive-128-k25,retrieved,temporal_query,correct,0.3514,0.2000,0.5278,37
chunk-recursive-128-k25,retrieved,temporal_query,judge_agrees_with_match,1.0000,1.0000,1.0000,22
chunk-recursive-128-k25,retrieved,temporal_query,exact_match,0.0270,0.0000,0.0910,37
chunk-recursive-128-k25,retrieved,temporal_query,judged,0.4054,0.2619,0.5882,37
chunk-recursive-128-k25,retrieved,temporal_query,correct_answerable,0.3514,0.2000,0.5278,37
chunk-recursive-128-k25,retrieved,temporal_query,false_abstain,0.5676,0.3704,0.7273,37
chunk-recursive-128-k25,retrieved,temporal_query,faithful,0.5000,0.2308,0.7647,16
embed-3-small-512,retrieved,all,recall@5,0.3337,0.2769,0.4102,441
embed-3-small-512,retrieved,all,full_support@5,0.1066,0.0656,0.1646,441
embed-3-small-512,retrieved,all,recall@10,0.4652,0.4086,0.5408,441
embed-3-small-512,retrieved,all,full_support@10,0.2041,0.1431,0.2876,441
embed-3-small-512,retrieved,all,mrr@10,0.4323,0.3768,0.5201,441
embed-3-small-512,retrieved,all,ndcg@10,0.3578,0.3090,0.4310,441
embed-3-small-512,retrieved,all,recall@2000tok,0.6051,0.5531,0.6733,441
embed-3-small-512,retrieved,all,precision@2000tok,0.0236,0.0211,0.0263,441
embed-3-small-512,retrieved,comparison_query,recall@5,0.4005,0.3445,0.4697,211
embed-3-small-512,retrieved,comparison_query,full_support@5,0.1422,0.0872,0.2143,211
embed-3-small-512,retrieved,comparison_query,recall@10,0.5324,0.4776,0.5967,211
embed-3-small-512,retrieved,comparison_query,full_support@10,0.2701,0.2035,0.3520,211
embed-3-small-512,retrieved,comparison_query,mrr@10,0.5279,0.4576,0.6139,211
embed-3-small-512,retrieved,comparison_query,ndcg@10,0.4355,0.3821,0.5025,211
embed-3-small-512,retrieved,comparison_query,recall@2000tok,0.6769,0.6206,0.7319,211
embed-3-small-512,retrieved,comparison_query,precision@2000tok,0.0238,0.0217,0.0261,211
embed-3-small-512,retrieved,inference_query,recall@5,0.2111,0.1511,0.3703,105
embed-3-small-512,retrieved,inference_query,full_support@5,0.0381,0.0000,0.1358,105
embed-3-small-512,retrieved,inference_query,recall@10,0.3460,0.2937,0.4884,105
embed-3-small-512,retrieved,inference_query,full_support@10,0.0571,0.0087,0.1729,105
embed-3-small-512,retrieved,inference_query,mrr@10,0.3320,0.2509,0.5351,105
embed-3-small-512,retrieved,inference_query,ndcg@10,0.2527,0.1986,0.3890,105
embed-3-small-512,retrieved,inference_query,recall@2000tok,0.5095,0.4497,0.6139,105
embed-3-small-512,retrieved,inference_query,precision@2000tok,0.0279,0.0200,0.0338,105
embed-3-small-512,retrieved,temporal_query,recall@5,0.3240,0.2543,0.3997,125
embed-3-small-512,retrieved,temporal_query,full_support@5,0.1040,0.0504,0.1746,125
embed-3-small-512,retrieved,temporal_query,recall@10,0.4520,0.3704,0.5572,125
embed-3-small-512,retrieved,temporal_query,full_support@10,0.2160,0.1276,0.3333,125
embed-3-small-512,retrieved,temporal_query,mrr@10,0.3553,0.2879,0.4295,125
embed-3-small-512,retrieved,temporal_query,ndcg@10,0.3150,0.2562,0.3847,125
embed-3-small-512,retrieved,temporal_query,recall@2000tok,0.5640,0.4819,0.6702,125
embed-3-small-512,retrieved,temporal_query,precision@2000tok,0.0198,0.0165,0.0239,125
embed-3-small-256,retrieved,all,recall@5,0.3103,0.2644,0.3755,441
embed-3-small-256,retrieved,all,full_support@5,0.1020,0.0633,0.1575,441
embed-3-small-256,retrieved,all,recall@10,0.4325,0.3829,0.4947,441
embed-3-small-256,retrieved,all,full_support@10,0.1701,0.1194,0.2360,441
embed-3-small-256,retrieved,all,mrr@10,0.4012,0.3533,0.4617,441
embed-3-small-256,retrieved,all,ndcg@10,0.3288,0.2898,0.3815,441
embed-3-small-256,retrieved,all,recall@2000tok,0.5671,0.5132,0.6292,441
embed-3-small-256,retrieved,all,precision@2000tok,0.0224,0.0203,0.0246,441
embed-3-small-256,retrieved,comparison_query,recall@5,0.3626,0.3063,0.4337,211
embed-3-small-256,retrieved,comparison_query,full_support@5,0.1327,0.0791,0.2023,211
embed-3-small-256,retrieved,comparison_query,recall@10,0.4992,0.4462,0.5577,211
embed-3-small-256,retrieved,comparison_query,full_support@10,0.2322,0.1733,0.3005,211
embed-3-small-256,retrieved,comparison_query,mrr@10,0.4614,0.3939,0.5399,211
embed-3-small-256,retrieved,comparison_query,ndcg@10,0.3909,0.3423,0.4487,211
embed-3-small-256,retrieved,comparison_query,recall@2000tok,0.6359,0.5754,0.6958,211
embed-3-small-256,retrieved,comparison_query,precision@2000tok,0.0227,0.0206,0.0250,211
embed-3-small-256,retrieved,inference_query,recall@5,0.1873,0.1453,0.2394,105
embed-3-small-256,retrieved,inference_query,full_support@5,0.0190,0.0000,0.0566,105
embed-3-small-256,retrieved,inference_query,recall@10,0.3008,0.2441,0.3885,105
embed-3-small-256,retrieved,inference_query,full_support@10,0.0476,0.0000,0.1569,105
embed-3-small-256,retrieved,inference_query,mrr@10,0.3334,0.2242,0.5094,105
embed-3-small-256,retrieved,inference_query,ndcg@10,0.2322,0.1772,0.3169,105
embed-3-small-256,retrieved,inference_query,recall@2000tok,0.4611,0.4069,0.5780,105
embed-3-small-256,retrieved,inference_query,precision@2000tok,0.0258,0.0188,0.0312,105
embed-3-small-256,retrieved,temporal_query,recall@5,0.3253,0.2552,0.4084,125
embed-3-small-256,retrieved,temporal_query,full_support@5,0.1200,0.0601,0.2017,125
embed-3-small-256,retrieved,temporal_query,recall@10,0.4307,0.3480,0.5156,125
embed-3-small-256,retrieved,temporal_query,full_support@10,0.1680,0.0917,0.2642,125
embed-3-small-256,retrieved,temporal_query,mrr@10,0.3565,0.2891,0.4326,125
embed-3-small-256,retrieved,temporal_query,ndcg@10,0.3050,0.2482,0.3663,125
embed-3-small-256,retrieved,temporal_query,recall@2000tok,0.5400,0.4586,0.6250,125
embed-3-small-256,retrieved,temporal_query,precision@2000tok,0.0189,0.0163,0.0221,125
embed-3-large-1024,retrieved,all,recall@5,0.3719,0.3083,0.4527,441
embed-3-large-1024,retrieved,all,full_support@5,0.1429,0.0949,0.2174,441
embed-3-large-1024,retrieved,all,recall@10,0.4890,0.4100,0.5872,441
embed-3-large-1024,retrieved,all,full_support@10,0.2381,0.1678,0.3412,441
embed-3-large-1024,retrieved,all,mrr@10,0.4807,0.4291,0.5594,441
embed-3-large-1024,retrieved,all,ndcg@10,0.3911,0.3335,0.4678,441
embed-3-large-1024,retrieved,all,recall@2000tok,0.6206,0.5300,0.7242,441
embed-3-large-1024,retrieved,all,precision@2000tok,0.0237,0.0218,0.0266,441
embed-3-large-1024,retrieved,comparison_query,recall@5,0.4692,0.4032,0.5447,211
embed-3-large-1024,retrieved,comparison_query,full_support@5,0.2085,0.1365,0.2945,211
embed-3-large-1024,retrieved,comparison_query,recall@10,0.5932,0.5164,0.6750,211
embed-3-large-1024,retrieved,comparison_query,full_support@10,0.3223,0.2340,0.4302,211
embed-3-large-1024,retrieved,comparison_query,mrr@10,0.5592,0.4960,0.6327,211
embed-3-large-1024,retrieved,comparison_query,ndcg@10,0.4759,0.4146,0.5494,211
embed-3-large-1024,retrieved,comparison_query,recall@2000tok,0.7251,0.6541,0.7949,211
embed-3-large-1024,retrieved,comparison_query,precision@2000tok,0.0259,0.0236,0.0286,211
embed-3-large-1024,retrieved,inference_query,recall@5,0.2238,0.1516,0.3801,105
embed-3-large-1024,retrieved,inference_query,full_support@5,0.0286,0.0000,0.1291,105
embed-3-large-1024,retrieved,inference_query,recall@10,0.3381,0.2404,0.5056,105
embed-3-large-1024,retrieved,inference_query,full_support@10,0.0857,0.0181,0.2295,105
embed-3-large-1024,retrieved,inference_query,mrr@10,0.3860,0.2834,0.5674,105
embed-3-large-1024,retrieved,inference_query,ndcg@10,0.2705,0.2001,0.4148,105
embed-3-large-1024,retrieved,inference_query,recall@2000tok,0.4476,0.3383,0.6241,105
embed-3-large-1024,retrieved,inference_query,precision@2000tok,0.0234,0.0197,0.0294,105
embed-3-large-1024,retrieved,temporal_query,recall@5,0.3320,0.2632,0.4255,125
embed-3-large-1024,retrieved,temporal_query,full_support@5,0.1280,0.0596,0.2188,125
embed-3-large-1024,retrieved,temporal_query,recall@10,0.4400,0.3523,0.5611,125
embed-3-large-1024,retrieved,temporal_query,full_support@10,0.2240,0.1395,0.3438,125
embed-3-large-1024,retrieved,temporal_query,mrr@10,0.4276,0.3464,0.5232,125
embed-3-large-1024,retrieved,temporal_query,ndcg@10,0.3493,0.2800,0.4399,125
embed-3-large-1024,retrieved,temporal_query,recall@2000tok,0.5893,0.4958,0.7123,125
embed-3-large-1024,retrieved,temporal_query,precision@2000tok,0.0202,0.0169,0.0247,125
embed-3-large-256,retrieved,all,recall@5,0.3029,0.2585,0.3662,441
embed-3-large-256,retrieved,all,full_support@5,0.0839,0.0505,0.1324,441
embed-3-large-256,retrieved,all,recall@10,0.4191,0.3589,0.4975,441
embed-3-large-256,retrieved,all,full_support@10,0.1610,0.1111,0.2317,441
embed-3-large-256,retrieved,all,mrr@10,0.4074,0.3622,0.4731,441
embed-3-large-256,retrieved,all,ndcg@10,0.3250,0.2828,0.3874,441
embed-3-large-256,retrieved,all,recall@2000tok,0.5480,0.4743,0.6345,441
embed-3-large-256,retrieved,all,precision@2000tok,0.0212,0.0192,0.0236,441
embed-3-large-256,retrieved,comparison_query,recall@5,0.3902,0.3324,0.4565,211
embed-3-large-256,retrieved,comparison_query,full_support@5,0.1374,0.0829,0.2056,211
embed-3-large-256,retrieved,comparison_query,recall@10,0.5016,0.4382,0.5716,211
embed-3-large-256,retrieved,comparison_query,full_support@10,0.2180,0.1545,0.2941,211
embed-3-large-256,retrieved,comparison_query,mrr@10,0.4832,0.4167,0.5641,211
embed-3-large-256,retrieved,comparison_query,ndcg@10,0.3973,0.3421,0.4625,211
embed-3-large-256,retrieved,comparison_query,recall@2000tok,0.6240,0.5626,0.6879,211
embed-3-large-256,retrieved,comparison_query,precision@2000tok,0.0223,0.0202,0.0249,211
embed-3-large-256,retrieved,inference_query,recall@5,0.1802,0.1431,0.2656,105
embed-3-large-256,retrieved,inference_query,full_support@5,0.0000,0.0000,0.0000,105
embed-3-large-256,retrieved,inference_query,recall@10,0.3000,0.2361,0.4252,105
embed-3-large-256,retrieved,inference_query,full_support@10,0.0286,0.0000,0.0920,105
embed-3-large-256,retrieved,inference_query,mrr@10,0.3338,0.2389,0.4907,105
embed-3-large-256,retrieved,inference_query,ndcg@10,0.2320,0.1812,0.3400,105
embed-3-large-256,retrieved,inference_query,recall@2000tok,0.4460,0.3529,0.6167,105
embed-3-large-256,retrieved,inference_query,precision@2000tok,0.0234,0.0191,0.0293,105
embed-3-large-256,retrieved,temporal_query,recall@5,0.2587,0.2030,0.3278,125
embed-3-large-256,retrieved,temporal_query,full_support@5,0.0640,0.0146,0.1182,125
embed-3-large-256,retrieved,temporal_query,recall@10,0.3800,0.3083,0.4796,125
embed-3-large-256,retrieved,temporal_query,full_support@10,0.1760,0.0972,0.2766,125
embed-3-large-256,retrieved,temporal_query,mrr@10,0.3412,0.2639,0.4288,125
embed-3-large-256,retrieved,temporal_query,ndcg@10,0.2811,0.2226,0.3527,125
embed-3-large-256,retrieved,temporal_query,recall@2000tok,0.5053,0.4222,0.6083,125
embed-3-large-256,retrieved,temporal_query,precision@2000tok,0.0174,0.0144,0.0212,125
embed-bge-small,retrieved,all,recall@5,0.3328,0.2730,0.4144,441
embed-bge-small,retrieved,all,full_support@5,0.1315,0.0915,0.1913,441
embed-bge-small,retrieved,all,recall@10,0.4307,0.3611,0.5083,441
embed-bge-small,retrieved,all,full_support@10,0.1995,0.1423,0.2730,441
embed-bge-small,retrieved,all,mrr@10,0.3941,0.3366,0.4782,441
embed-bge-small,retrieved,all,ndcg@10,0.3305,0.2772,0.4032,441
embed-bge-small,retrieved,all,recall@2000tok,0.5395,0.4687,0.6213,441
embed-bge-small,retrieved,all,precision@2000tok,0.0206,0.0189,0.0228,441
embed-bge-small,retrieved,comparison_query,recall@5,0.4297,0.3672,0.4979,211
embed-bge-small,retrieved,comparison_query,full_support@5,0.1706,0.1096,0.2407,211
embed-bge-small,retrieved,comparison_query,recall@10,0.5332,0.4769,0.5964,211
embed-bge-small,retrieved,comparison_query,full_support@10,0.2512,0.1810,0.3316,211
embed-bge-small,retrieved,comparison_query,mrr@10,0.4880,0.4213,0.5642,211
embed-bge-small,retrieved,comparison_query,ndcg@10,0.4139,0.3603,0.4721,211
embed-bge-small,retrieved,comparison_query,recall@2000tok,0.6469,0.5889,0.7013,211
embed-bge-small,retrieved,comparison_query,precision@2000tok,0.0233,0.0216,0.0250,211
embed-bge-small,retrieved,inference_query,recall@5,0.1389,0.0896,0.2428,105
embed-bge-small,retrieved,inference_query,full_support@5,0.0190,0.0000,0.0566,105
embed-bge-small,retrieved,inference_query,recall@10,0.2183,0.1581,0.3184,105
embed-bge-small,retrieved,inference_query,full_support@10,0.0286,0.0000,0.0820,105
embed-bge-small,retrieved,inference_query,mrr@10,0.2345,0.1718,0.3608,105
embed-bge-small,retrieved,inference_query,ndcg@10,0.1686,0.1228,0.2641,105
embed-bge-small,retrieved,inference_query,recall@2000tok,0.3405,0.2803,0.4746,105
embed-bge-small,retrieved,inference_query,precision@2000tok,0.0181,0.0146,0.0233,105
embed-bge-small,retrieved,temporal_query,recall@5,0.3320,0.2549,0.4364,125
embed-bge-small,retrieved,temporal_query,full_support@5,0.1600,0.0841,0.2619,125
embed-bge-small,retrieved,temporal_query,recall@10,0.4360,0.3550,0.5413,125
embed-bge-small,retrieved,temporal_query,full_support@10,0.2560,0.1726,0.3654,125
embed-bge-small,retrieved,temporal_query,mrr@10,0.3698,0.2989,0.4735,125
embed-bge-small,retrieved,temporal_query,ndcg@10,0.3257,0.2640,0.4122,125
embed-bge-small,retrieved,temporal_query,recall@2000tok,0.5253,0.4368,0.6389,125
embed-bge-small,retrieved,temporal_query,precision@2000tok,0.0181,0.0149,0.0222,125
embed-bge-small-noprefix,retrieved,all,recall@5,0.3146,0.2535,0.3944,441
embed-bge-small-noprefix,retrieved,all,full_support@5,0.1247,0.0853,0.1818,441
embed-bge-small-noprefix,retrieved,all,recall@10,0.4070,0.3411,0.4844,441
embed-bge-small-noprefix,retrieved,all,full_support@10,0.1723,0.1226,0.2397,441
embed-bge-small-noprefix,retrieved,all,mrr@10,0.3715,0.3190,0.4466,441
embed-bge-small-noprefix,retrieved,all,ndcg@10,0.3101,0.2605,0.3765,441
embed-bge-small-noprefix,retrieved,all,recall@2000tok,0.5149,0.4522,0.5854,441
embed-bge-small-noprefix,retrieved,all,precision@2000tok,0.0196,0.0181,0.0215,441
embed-bge-small-noprefix,retrieved,comparison_query,recall@5,0.4060,0.3473,0.4700,211
embed-bge-small-noprefix,retrieved,comparison_query,full_support@5,0.1611,0.1049,0.2285,211
embed-bge-small-noprefix,retrieved,comparison_query,recall@10,0.5000,0.4437,0.5628,211
embed-bge-small-noprefix,retrieved,comparison_query,full_support@10,0.2227,0.1582,0.2989,211
embed-bge-small-noprefix,retrieved,comparison_query,mrr@10,0.4491,0.3828,0.5259,211
embed-bge-small-noprefix,retrieved,comparison_query,ndcg@10,0.3830,0.3313,0.4405,211
embed-bge-small-noprefix,retrieved,comparison_query,recall@2000tok,0.6011,0.5524,0.6550,211
embed-bge-small-noprefix,retrieved,comparison_query,precision@2000tok,0.0218,0.0200,0.0237,211
embed-bge-small-noprefix,retrieved,inference_query,recall@5,0.1294,0.0782,0.2340,105
embed-bge-small-noprefix,retrieved,inference_query,full_support@5,0.0190,0.0000,0.0566,105
embed-bge-small-noprefix,retrieved,inference_query,recall@10,0.2143,0.1560,0.3382,105
embed-bge-small-noprefix,retrieved,inference_query,full_support@10,0.0286,0.0000,0.0820,105
embed-bge-small-noprefix,retrieved,inference_query,mrr@10,0.2228,0.1521,0.3391,105
embed-bge-small-noprefix,retrieved,inference_query,ndcg@10,0.1593,0.1127,0.2559,105
embed-bge-small-noprefix,retrieved,inference_query,recall@2000tok,0.3357,0.2744,0.4595,105
embed-bge-small-noprefix,retrieved,inference_query,precision@2000tok,0.0176,0.0143,0.0216,105
embed-bge-small-noprefix,retrieved,temporal_query,recall@5,0.3160,0.2373,0.4214,125
embed-bge-small-noprefix,retrieved,temporal_query,full_support@5,0.1520,0.0787,0.2501,125
embed-bge-small-noprefix,retrieved,temporal_query,recall@10,0.4120,0.3333,0.5070,125
embed-bge-small-noprefix,retrieved,temporal_query,full_support@10,0.2080,0.1264,0.3022,125
embed-bge-small-noprefix,retrieved,temporal_query,mrr@10,0.3655,0.2970,0.4548,125
embed-bge-small-noprefix,retrieved,temporal_query,ndcg@10,0.3139,0.2549,0.3903,125
embed-bge-small-noprefix,retrieved,temporal_query,recall@2000tok,0.5200,0.4303,0.6223,125
embed-bge-small-noprefix,retrieved,temporal_query,precision@2000tok,0.0177,0.0149,0.0213,125
embed-bge-small-96,retrieved,all,recall@5,0.2107,0.1663,0.2728,441
embed-bge-small-96,retrieved,all,full_support@5,0.0703,0.0419,0.1176,441
embed-bge-small-96,retrieved,all,recall@10,0.3116,0.2552,0.3831,441
embed-bge-small-96,retrieved,all,full_support@10,0.1224,0.0815,0.1848,441
embed-bge-small-96,retrieved,all,mrr@10,0.2504,0.2113,0.3095,441
embed-bge-small-96,retrieved,all,ndcg@10,0.2171,0.1797,0.2724,441
embed-bge-small-96,retrieved,all,recall@2000tok,0.4050,0.3439,0.4801,441
embed-bge-small-96,retrieved,all,precision@2000tok,0.0153,0.0138,0.0174,441
embed-bge-small-96,retrieved,comparison_query,recall@5,0.2970,0.2384,0.3646,211
embed-bge-small-96,retrieved,comparison_query,full_support@5,0.1185,0.0660,0.1847,211
embed-bge-small-96,retrieved,comparison_query,recall@10,0.3886,0.3310,0.4559,211
embed-bge-small-96,retrieved,comparison_query,full_support@10,0.1611,0.1004,0.2391,211
embed-bge-small-96,retrieved,comparison_query,mrr@10,0.3143,0.2534,0.3878,211
embed-bge-small-96,retrieved,comparison_query,ndcg@10,0.2787,0.2285,0.3383,211
embed-bge-small-96,retrieved,comparison_query,recall@2000tok,0.4645,0.4001,0.5330,211
embed-bge-small-96,retrieved,comparison_query,precision@2000tok,0.0168,0.0145,0.0194,211
embed-bge-small-96,retrieved,inference_query,recall@5,0.0802,0.0510,0.1417,105
embed-bge-small-96,retrieved,inference_query,full_support@5,0.0000,0.0000,0.0000,105
embed-bge-small-96,retrieved,inference_query,recall@10,0.1405,0.0983,0.2325,105
embed-bge-small-96,retrieved,inference_query,full_support@10,0.0095,0.0000,0.0317,105
embed-bge-small-96,retrieved,inference_query,mrr@10,0.1467,0.0859,0.2124,105
embed-bge-small-96,retrieved,inference_query,ndcg@10,0.0992,0.0685,0.1548,105
embed-bge-small-96,retrieved,inference_query,recall@2000tok,0.2214,0.1626,0.3364,105
embed-bge-small-96,retrieved,inference_query,precision@2000tok,0.0117,0.0087,0.0149,105
embed-bge-small-96,retrieved,temporal_query,recall@5,0.1747,0.1168,0.2594,125
embed-bge-small-96,retrieved,temporal_query,full_support@5,0.0480,0.0089,0.1093,125
embed-bge-small-96,retrieved,temporal_query,recall@10,0.3253,0.2483,0.4271,125
embed-bge-small-96,retrieved,temporal_query,full_support@10,0.1520,0.0791,0.2523,125
embed-bge-small-96,retrieved,temporal_query,mrr@10,0.2296,0.1719,0.3067,125
embed-bge-small-96,retrieved,temporal_query,ndcg@10,0.2122,0.1627,0.2795,125
embed-bge-small-96,retrieved,temporal_query,recall@2000tok,0.4587,0.3715,0.5693,125
embed-bge-small-96,retrieved,temporal_query,precision@2000tok,0.0158,0.0127,0.0195,125
embed-qwen3,retrieved,all,recall@5,0.4208,0.3446,0.5220,441
embed-qwen3,retrieved,all,full_support@5,0.1950,0.1360,0.2786,441
embed-qwen3,retrieved,all,recall@10,0.5197,0.4404,0.6175,441
embed-qwen3,retrieved,all,full_support@10,0.2653,0.1928,0.3639,441
embed-qwen3,retrieved,all,mrr@10,0.5182,0.4494,0.6160,441
embed-qwen3,retrieved,all,ndcg@10,0.4213,0.3568,0.5100,441
embed-qwen3,retrieved,all,recall@2000tok,0.6406,0.5597,0.7371,441
embed-qwen3,retrieved,all,precision@2000tok,0.0246,0.0224,0.0271,441
embed-qwen3,retrieved,comparison_query,recall@5,0.5276,0.4549,0.6105,211
embed-qwen3,retrieved,comparison_query,full_support@5,0.2844,0.2128,0.3721,211
embed-qwen3,retrieved,comparison_query,recall@10,0.6288,0.5584,0.7042,211
embed-qwen3,retrieved,comparison_query,full_support@10,0.3791,0.3027,0.4667,211
embed-qwen3,retrieved,comparison_query,mrr@10,0.5950,0.5097,0.6924,211
embed-qwen3,retrieved,comparison_query,ndcg@10,0.5151,0.4494,0.5921,211
embed-qwen3,retrieved,comparison_query,recall@2000tok,0.7472,0.6828,0.8188,211
embed-qwen3,retrieved,comparison_query,precision@2000tok,0.0266,0.0243,0.0295,211
embed-qwen3,retrieved,inference_query,recall@5,0.2389,0.1662,0.3503,105
embed-qwen3,retrieved,inference_query,full_support@5,0.0190,0.0000,0.0860,105
embed-qwen3,retrieved,inference_query,recall@10,0.3460,0.2736,0.4667,105
embed-qwen3,retrieved,inference_query,full_support@10,0.0381,0.0000,0.1176,105
embed-qwen3,retrieved,inference_query,mrr@10,0.4814,0.3480,0.6337,105
embed-qwen3,retrieved,inference_query,ndcg@10,0.2950,0.2195,0.3958,105
embed-qwen3,retrieved,inference_query,recall@2000tok,0.4683,0.4206,0.5546,105
embed-qwen3,retrieved,inference_query,precision@2000tok,0.0244,0.0198,0.0277,105
embed-qwen3,retrieved,temporal_query,recall@5,0.3933,0.3087,0.5086,125
embed-qwen3,retrieved,temporal_query,full_support@5,0.1920,0.1077,0.3063,125
embed-qwen3,retrieved,temporal_query,recall@10,0.4813,0.3967,0.5984,125
embed-qwen3,retrieved,temporal_query,full_support@10,0.2640,0.1734,0.3913,125
embed-qwen3,retrieved,temporal_query,mrr@10,0.4194,0.3398,0.5270,125
embed-qwen3,retrieved,temporal_query,ndcg@10,0.3692,0.2987,0.4711,125
embed-qwen3,retrieved,temporal_query,recall@2000tok,0.6053,0.4947,0.7412,125
embed-qwen3,retrieved,temporal_query,precision@2000tok,0.0213,0.0170,0.0265,125
embed-qwen3-noprefix,retrieved,all,recall@5,0.4004,0.3272,0.4984,441
embed-qwen3-noprefix,retrieved,all,full_support@5,0.1837,0.1281,0.2645,441
embed-qwen3-noprefix,retrieved,all,recall@10,0.4930,0.4150,0.5987,441
embed-qwen3-noprefix,retrieved,all,full_support@10,0.2449,0.1758,0.3445,441
embed-qwen3-noprefix,retrieved,all,mrr@10,0.4962,0.4209,0.5976,441
embed-qwen3-noprefix,retrieved,all,ndcg@10,0.3998,0.3342,0.4906,441
embed-qwen3-noprefix,retrieved,all,recall@2000tok,0.6100,0.5239,0.7191,441
embed-qwen3-noprefix,retrieved,all,precision@2000tok,0.0234,0.0210,0.0268,441
embed-qwen3-noprefix,retrieved,comparison_query,recall@5,0.4850,0.4107,0.5699,211
embed-qwen3-noprefix,retrieved,comparison_query,full_support@5,0.2512,0.1809,0.3382,211
embed-qwen3-noprefix,retrieved,comparison_query,recall@10,0.5940,0.5188,0.6788,211
embed-qwen3-noprefix,retrieved,comparison_query,full_support@10,0.3412,0.2611,0.4398,211
embed-qwen3-noprefix,retrieved,comparison_query,mrr@10,0.5672,0.4685,0.6716,211
embed-qwen3-noprefix,retrieved,comparison_query,ndcg@10,0.4822,0.4076,0.5628,211
embed-qwen3-noprefix,retrieved,comparison_query,recall@2000tok,0.7180,0.6390,0.8063,211
embed-qwen3-noprefix,retrieved,comparison_query,precision@2000tok,0.0258,0.0229,0.0292,211
embed-qwen3-noprefix,retrieved,inference_query,recall@5,0.2246,0.1614,0.3400,105
embed-qwen3-noprefix,retrieved,inference_query,full_support@5,0.0190,0.0000,0.0860,105
embed-qwen3-noprefix,retrieved,inference_query,recall@10,0.3071,0.2347,0.4331,105
embed-qwen3-noprefix,retrieved,inference_query,full_support@10,0.0381,0.0000,0.1389,105
embed-qwen3-noprefix,retrieved,inference_query,mrr@10,0.4393,0.3185,0.6011,105
embed-qwen3-noprefix,retrieved,inference_query,ndcg@10,0.2717,0.1985,0.3835,105
embed-qwen3-noprefix,retrieved,inference_query,recall@2000tok,0.4444,0.3620,0.5918,105
embed-qwen3-noprefix,retrieved,inference_query,precision@2000tok,0.0228,0.0203,0.0274,105
embed-qwen3-noprefix,retrieved,temporal_query,recall@5,0.4053,0.3148,0.5265,125
embed-qwen3-noprefix,retrieved,temporal_query,full_support@5,0.2080,0.1195,0.3298,125
embed-qwen3-noprefix,retrieved,temporal_query,recall@10,0.4787,0.3848,0.6079,125
embed-qwen3-noprefix,retrieved,temporal_query,full_support@10,0.2560,0.1652,0.3918,125
embed-qwen3-noprefix,retrieved,temporal_query,mrr@10,0.4242,0.3361,0.5412,125
embed-qwen3-noprefix,retrieved,temporal_query,ndcg@10,0.3683,0.2908,0.4742,125
embed-qwen3-noprefix,retrieved,temporal_query,recall@2000tok,0.5667,0.4655,0.6967,125
embed-qwen3-noprefix,retrieved,temporal_query,precision@2000tok,0.0198,0.0157,0.0245,125
embed-qwen3-256,retrieved,all,recall@5,0.3638,0.2975,0.4537,441
embed-qwen3-256,retrieved,all,full_support@5,0.1361,0.0927,0.2013,441
embed-qwen3-256,retrieved,all,recall@10,0.4520,0.3792,0.5485,441
embed-qwen3-256,retrieved,all,full_support@10,0.2177,0.1599,0.3051,441
embed-qwen3-256,retrieved,all,mrr@10,0.4635,0.3905,0.5612,441
embed-qwen3-256,retrieved,all,ndcg@10,0.3688,0.3076,0.4555,441
embed-qwen3-256,retrieved,all,recall@2000tok,0.5508,0.4782,0.6456,441
embed-qwen3-256,retrieved,all,precision@2000tok,0.0213,0.0192,0.0242,441
embed-qwen3-256,retrieved,comparison_query,recall@5,0.4463,0.3746,0.5290,211
embed-qwen3-256,retrieved,comparison_query,full_support@5,0.1801,0.1197,0.2567,211
embed-qwen3-256,retrieved,comparison_query,recall@10,0.5490,0.4834,0.6261,211
embed-qwen3-256,retrieved,comparison_query,full_support@10,0.3081,0.2396,0.3889,211
embed-qwen3-256,retrieved,comparison_query,mrr@10,0.5284,0.4393,0.6312,211
embed-qwen3-256,retrieved,comparison_query,ndcg@10,0.4463,0.3781,0.5257,211
embed-qwen3-256,retrieved,comparison_query,recall@2000tok,0.6611,0.6011,0.7320,211
embed-qwen3-256,retrieved,comparison_query,precision@2000tok,0.0239,0.0216,0.0266,211
embed-qwen3-256,retrieved,inference_query,recall@5,0.2373,0.1546,0.3736,105
embed-qwen3-256,retrieved,inference_query,full_support@5,0.0381,0.0000,0.1251,105
embed-qwen3-256,retrieved,inference_query,recall@10,0.2825,0.1997,0.4133,105
embed-qwen3-256,retrieved,inference_query,full_support@10,0.0381,0.0000,0.1251,105
embed-qwen3-256,retrieved,inference_query,mrr@10,0.4197,0.2771,0.6040,105
embed-qwen3-256,retrieved,inference_query,ndcg@10,0.2611,0.1759,0.3902,105
embed-qwen3-256,retrieved,inference_query,recall@2000tok,0.3722,0.3037,0.4777,105
embed-qwen3-256,retrieved,inference_query,precision@2000tok,0.0196,0.0167,0.0232,105
embed-qwen3-256,retrieved,temporal_query,recall@5,0.3307,0.2637,0.4203,125
embed-qwen3-256,retrieved,temporal_query,full_support@5,0.1440,0.0811,0.2273,125
embed-qwen3-256,retrieved,temporal_query,recall@10,0.4307,0.3475,0.5444,125
embed-qwen3-256,retrieved,temporal_query,full_support@10,0.2160,0.1333,0.3303,125
embed-qwen3-256,retrieved,temporal_query,mrr@10,0.3907,0.3169,0.4913,125
embed-qwen3-256,retrieved,temporal_query,ndcg@10,0.3285,0.2648,0.4147,125
embed-qwen3-256,retrieved,temporal_query,recall@2000tok,0.5147,0.4254,0.6386,125
embed-qwen3-256,retrieved,temporal_query,precision@2000tok,0.0182,0.0147,0.0230,125
embed-3-large,retrieved,all,recall@5,0.3866,0.3212,0.4703,441
embed-3-large,retrieved,all,full_support@5,0.1587,0.1057,0.2401,441
embed-3-large,retrieved,all,recall@10,0.5164,0.4362,0.6162,441
embed-3-large,retrieved,all,full_support@10,0.2721,0.1994,0.3779,441
embed-3-large,retrieved,all,mrr@10,0.4924,0.4406,0.5674,441
embed-3-large,retrieved,all,ndcg@10,0.4084,0.3499,0.4868,441
embed-3-large,retrieved,all,recall@2000tok,0.6379,0.5460,0.7436,441
embed-3-large,retrieved,all,precision@2000tok,0.0244,0.0225,0.0272,441
embed-3-large,retrieved,comparison_query,recall@5,0.4763,0.4095,0.5507,211
embed-3-large,retrieved,comparison_query,full_support@5,0.2085,0.1391,0.2906,211
embed-3-large,retrieved,comparison_query,recall@10,0.6130,0.5376,0.6943,211
embed-3-large,retrieved,comparison_query,full_support@10,0.3460,0.2595,0.4495,211
embed-3-large,retrieved,comparison_query,mrr@10,0.5766,0.5128,0.6514,211
embed-3-large,retrieved,comparison_query,ndcg@10,0.4917,0.4302,0.5638,211
embed-3-large,retrieved,comparison_query,recall@2000tok,0.7393,0.6614,0.8155,211
embed-3-large,retrieved,comparison_query,precision@2000tok,0.0262,0.0237,0.0291,211
embed-3-large,retrieved,inference_query,recall@5,0.2571,0.1772,0.4155,105
embed-3-large,retrieved,inference_query,full_support@5,0.0571,0.0000,0.1973,105
embed-3-large,retrieved,inference_query,recall@10,0.3611,0.2636,0.5222,105
embed-3-large,retrieved,inference_query,full_support@10,0.0952,0.0256,0.2375,105
embed-3-large,retrieved,inference_query,mrr@10,0.3925,0.2959,0.5691,105
embed-3-large,retrieved,inference_query,ndcg@10,0.2853,0.2138,0.4299,105
embed-3-large,retrieved,inference_query,recall@2000tok,0.4746,0.3696,0.6571,105
embed-3-large,retrieved,inference_query,precision@2000tok,0.0249,0.0211,0.0310,105
embed-3-large,retrieved,temporal_query,recall@5,0.3440,0.2654,0.4460,125
embed-3-large,retrieved,temporal_query,full_support@5,0.1600,0.0897,0.2673,125
embed-3-large,retrieved,temporal_query,recall@10,0.4840,0.3909,0.6139,125
embed-3-large,retrieved,temporal_query,full_support@10,0.2960,0.2000,0.4270,125
embed-3-large,retrieved,temporal_query,mrr@10,0.4342,0.3513,0.5290,125
embed-3-large,retrieved,temporal_query,ndcg@10,0.3711,0.2966,0.4674,125
embed-3-large,retrieved,temporal_query,recall@2000tok,0.6040,0.5157,0.7222,125
embed-3-large,retrieved,temporal_query,precision@2000tok,0.0208,0.0175,0.0252,125
