run,chunks,mean_tokens,embedded_tokens,index_seconds,index_cost_usd,gold_sentences_cut,returned_in_budget,recall_2000tok,recall_low,recall_high,recall_vs_baseline,recall_diff_low,recall_diff_high,precision_2000tok,precision_vs_baseline,precision_diff_low,precision_diff_high,full_support_2000tok,recall@5,mrr@10
baseline,3036,459,1394468,,,19,,0.448,0.3817,0.5334,0.0,0.0,0.0,0.0168,0.0,0.0,0.0,0.1791,0.4822,0.5905
chunk-sentence-512,3157,442,1395839,40.6,0.0279,1,,0.4444,0.3807,0.5269,-0.0036,-0.0267,0.0165,0.0171,0.0003,-0.0006,0.0012,0.1814,0.4769,0.5756
chunk-recursive-512,3275,426,1394497,75.3,0.0279,0,,0.424,0.3653,0.4981,-0.024,-0.0522,-0.0015,0.0162,-0.0006,-0.0017,0.0004,0.1474,0.4478,0.5405
chunk-recursive-1024,1748,798,1394471,78.5,0.0279,0,,0.3668,0.3047,0.4366,-0.0813,-0.1317,-0.0409,0.014,-0.0028,-0.0045,-0.0014,0.1156,0.5361,0.6157
chunk-recursive-256,6784,206,1394647,65.5,0.0279,0,,0.5119,0.4444,0.5998,0.0639,0.0266,0.1092,0.0192,0.0024,0.0009,0.0041,0.2472,0.3906,0.464
chunk-recursive-128,15149,92,1396243,92.4,0.0279,0,,0.6383,0.5852,0.7097,0.1903,0.1467,0.227,0.0249,0.0081,0.0054,0.0109,0.3651,0.3519,0.4515
chunk-recursive-64,33765,42,1407796,209.8,0.0282,7,,0.7324,0.6856,0.8007,0.2844,0.2376,0.3269,0.0295,0.0127,0.0085,0.0182,0.4966,0.3776,0.4793
chunk-fixed-128,11208,124,1394470,69.1,0.0279,97,,0.6094,0.5466,0.6846,0.1614,0.1227,0.1927,0.0218,0.005,0.0031,0.0066,0.3333,0.3817,0.4774
chunk-fixed-512-overlap-10,3260,469,1529667,55.1,0.0306,1,,0.4199,0.3602,0.5071,-0.0282,-0.0733,0.0073,0.0161,-0.0007,-0.0024,0.0009,0.1587,0.4626,0.5218
chunk-fixed-512-overlap-20,3549,477,1694348,99.0,0.0339,0,,0.3878,0.3327,0.4665,-0.0603,-0.1008,-0.0258,0.0148,-0.002,-0.0036,-0.0005,0.1315,0.4397,0.5161
chunk-semantic-128,15868,88,1402924,100.2,0.0281,0,,0.6336,0.5663,0.7105,0.1856,0.1445,0.2242,0.0242,0.0075,0.0052,0.0092,0.3741,0.3878,0.4828
chunk-parent-child-128-512,15662,89,1396250,95.8,0.0279,0,,0.4575,0.401,0.5403,0.0094,-0.0317,0.05,0.0178,0.001,-0.0007,0.0026,0.1814,0.5068,0.599
chunk-parent-child-128-256,16147,86,1396316,104.5,0.0279,0,,0.5499,0.4919,0.6267,0.1019,0.053,0.1442,0.0211,0.0043,0.0023,0.0062,0.2812,0.4229,0.5198
