run,model,dimensions,query_prefix,usd_per_million_tokens,index_mb,index_seconds,chunks_per_second,search_ms,query_embed_ms,recall_2000tok,recall_low,recall_high,recall_vs_best,recall_vs_best_low,recall_vs_best_high,recall_vs_baseline,recall_vs_baseline_low,recall_vs_baseline_high,recall_vs_parent,recall_vs_parent_low,recall_vs_parent_high,precision_2000tok,full_support_2000tok,ndcg@10,ndcg_vs_best,ndcg_vs_best_low,ndcg_vs_best_high,recall@10,recall@50,mrr@10
chunk-recursive-128,text-embedding-3-small,1536,False,0.02,93.0756,92.4,,2.1337,179.1518,0.6383,0.5852,0.7097,,,,0.1903,0.1467,0.227,,,,0.0249,0.3651,0.3743,,,,0.4881,0.7887,0.4515
embed-3-large,text-embedding-3-large,3072,False,0.13,186.151,129.1,,3.7045,203.8203,0.6379,0.546,0.7436,-0.0004,-0.0465,0.0459,0.1899,0.1443,0.2462,,,,0.0244,0.4172,0.4084,0.0341,0.0077,0.0649,0.5164,0.7525,0.4924
embed-qwen3,Qwen/Qwen3-Embedding-0.6B,1024,True,0.0,62.0504,819.2,19.9672,1.7951,48.8348,0.6406,0.5597,0.7371,0.0023,-0.0326,0.0452,0.1926,0.1549,0.2352,,,,0.0246,0.4082,0.4213,0.047,0.0196,0.0822,0.5197,0.7563,0.5182
embed-bge-small,BAAI/bge-small-en-v1.5,384,True,0.0,23.269,54.3,382.347,1.0511,7.7521,0.5395,0.4687,0.6213,-0.0988,-0.129,-0.065,0.0915,0.0507,0.1302,,,,0.0206,0.2857,0.3305,-0.0438,-0.0709,-0.0166,0.4307,0.6654,0.3941
embed-3-small-512,text-embedding-3-small,512,False,0.02,31.0253,,,1.2018,,0.6051,0.5531,0.6733,-0.0333,-0.0555,-0.0166,0.157,0.1069,0.1997,-0.0333,-0.0555,-0.0166,0.0236,0.3379,0.3578,-0.0165,-0.0293,-0.0034,0.4652,0.772,0.4323
embed-3-small-256,text-embedding-3-small,256,False,0.02,15.5127,,,0.8811,,0.5671,0.5132,0.6292,-0.0712,-0.1074,-0.0444,0.119,0.0647,0.161,-0.0712,-0.1074,-0.0444,0.0224,0.288,0.3288,-0.0455,-0.0752,-0.0203,0.4325,0.7229,0.4012
embed-3-large-1024,text-embedding-3-large,1024,False,0.13,62.0504,,,1.6624,,0.6206,0.53,0.7242,-0.0178,-0.0629,0.0299,0.1725,0.127,0.2266,-0.0174,-0.0303,-0.0059,0.0237,0.3923,0.3911,0.0168,-0.0106,0.0469,0.489,0.7442,0.4807
embed-3-large-256,text-embedding-3-large,256,False,0.13,15.5127,,,0.8908,,0.548,0.4743,0.6345,-0.0903,-0.1293,-0.0489,0.1,0.0488,0.1505,-0.0899,-0.1316,-0.0594,0.0212,0.2857,0.325,-0.0493,-0.086,-0.0196,0.4191,0.6942,0.4074
embed-qwen3-256,Qwen/Qwen3-Embedding-0.6B,256,True,0.0,15.5127,,,0.8807,,0.5508,0.4782,0.6456,-0.0875,-0.1171,-0.0465,0.1028,0.0624,0.1536,-0.0898,-0.1183,-0.0642,0.0213,0.3039,0.3688,-0.0055,-0.0331,0.029,0.452,0.6858,0.4635
embed-bge-small-96,BAAI/bge-small-en-v1.5,96,True,0.0,5.8173,,,0.7758,,0.405,0.3439,0.4801,-0.2334,-0.2737,-0.1895,-0.0431,-0.0932,-0.002,-0.1345,-0.1789,-0.0963,0.0153,0.1678,0.2171,-0.1572,-0.1931,-0.1288,0.3116,0.494,0.2504
embed-qwen3-noprefix,Qwen/Qwen3-Embedding-0.6B,1024,False,0.0,62.0504,,,1.6215,,0.61,0.5239,0.7191,-0.0283,-0.0689,0.0257,0.1619,0.12,0.2207,-0.0306,-0.0564,0.0009,0.0234,0.3719,0.3998,0.0255,-0.0029,0.0627,0.493,0.7396,0.4962
embed-bge-small-noprefix,BAAI/bge-small-en-v1.5,384,False,0.0,23.269,,,1.0538,,0.5149,0.4522,0.5854,-0.1234,-0.1555,-0.0929,0.0669,0.0204,0.1045,-0.0246,-0.0499,-0.0064,0.0196,0.2404,0.3101,-0.0642,-0.0919,-0.0374,0.407,0.6478,0.3715
