split,family,stopwords,stemmer,header,k1,b,method,rrf_k,weight,normalise,depth,questions,recall_2000tok,ndcg@10,recall@50
pool,dense,,,,,,,,,,,284,0.5942,0.355,0.7826
dev,dense,,,,,,,,,,,441,0.6383,0.3743,0.808
pool,sparse,False,none,False,0.4,0.0,,,,,,284,0.6417,0.4769,0.7424
dev,sparse,False,none,False,0.4,0.0,,,,,,441,0.6563,0.4902,0.7666
pool,sparse,False,none,False,0.4,0.25,,,,,,284,0.6382,0.4755,0.7409
dev,sparse,False,none,False,0.4,0.25,,,,,,441,0.6593,0.4989,0.7691
pool,sparse,False,none,False,0.4,0.5,,,,,,284,0.6382,0.4762,0.7391
dev,sparse,False,none,False,0.4,0.5,,,,,,441,0.6663,0.5005,0.7744
pool,sparse,False,none,False,0.4,0.75,,,,,,284,0.6376,0.4797,0.7488
dev,sparse,False,none,False,0.4,0.75,,,,,,441,0.6648,0.4995,0.7789
pool,sparse,False,none,False,0.4,1.0,,,,,,284,0.6403,0.4771,0.745
dev,sparse,False,none,False,0.4,1.0,,,,,,441,0.6703,0.4967,0.7806
pool,sparse,False,none,False,0.8,0.0,,,,,,284,0.6359,0.4769,0.7477
dev,sparse,False,none,False,0.8,0.0,,,,,,441,0.6557,0.4815,0.7663
pool,sparse,False,none,False,0.8,0.25,,,,,,284,0.6388,0.4724,0.7465
dev,sparse,False,none,False,0.8,0.25,,,,,,441,0.6602,0.4855,0.7732
pool,sparse,False,none,False,0.8,0.5,,,,,,284,0.6394,0.4765,0.7435
dev,sparse,False,none,False,0.8,0.5,,,,,,441,0.6674,0.4913,0.7821
pool,sparse,False,none,False,0.8,0.75,,,,,,284,0.635,0.4769,0.7494
dev,sparse,False,none,False,0.8,0.75,,,,,,441,0.6629,0.4874,0.7863
pool,sparse,False,none,False,0.8,1.0,,,,,,284,0.6373,0.4731,0.7459
dev,sparse,False,none,False,0.8,1.0,,,,,,441,0.6665,0.4888,0.7842
pool,sparse,False,none,False,1.2,0.0,,,,,,284,0.6359,0.4706,0.7441
dev,sparse,False,none,False,1.2,0.0,,,,,,441,0.6536,0.4723,0.7646
pool,sparse,False,none,False,1.2,0.25,,,,,,284,0.6438,0.4732,0.7477
dev,sparse,False,none,False,1.2,0.25,,,,,,441,0.6614,0.4822,0.7717
pool,sparse,False,none,False,1.2,0.5,,,,,,284,0.6417,0.4757,0.7433
dev,sparse,False,none,False,1.2,0.5,,,,,,441,0.6604,0.4839,0.7853
pool,sparse,False,none,False,1.2,0.75,,,,,,284,0.6341,0.4699,0.7477
dev,sparse,False,none,False,1.2,0.75,,,,,,441,0.6595,0.4838,0.7857
pool,sparse,False,none,False,1.2,1.0,,,,,,284,0.6382,0.4604,0.7494
dev,sparse,False,none,False,1.2,1.0,,,,,,441,0.6655,0.4793,0.7787
pool,sparse,False,none,False,1.6,0.0,,,,,,284,0.6306,0.4655,0.7459
dev,sparse,False,none,False,1.6,0.0,,,,,,441,0.654,0.4628,0.7702
pool,sparse,False,none,False,1.6,0.25,,,,,,284,0.6435,0.4684,0.7444
dev,sparse,False,none,False,1.6,0.25,,,,,,441,0.6587,0.471,0.7757
pool,sparse,False,none,False,1.6,0.5,,,,,,284,0.6329,0.4682,0.7456
dev,sparse,False,none,False,1.6,0.5,,,,,,441,0.6557,0.4757,0.7865
pool,sparse,False,none,False,1.6,0.75,,,,,,284,0.6312,0.4635,0.7479
dev,sparse,False,none,False,1.6,0.75,,,,,,441,0.6627,0.4731,0.781
pool,sparse,False,none,False,1.6,1.0,,,,,,284,0.635,0.4411,0.7491
dev,sparse,False,none,False,1.6,1.0,,,,,,441,0.6587,0.4642,0.7714
pool,sparse,False,none,False,2.0,0.0,,,,,,284,0.6253,0.4593,0.7491
dev,sparse,False,none,False,2.0,0.0,,,,,,441,0.6425,0.4542,0.7729
pool,sparse,False,none,False,2.0,0.25,,,,,,284,0.6359,0.4628,0.7488
dev,sparse,False,none,False,2.0,0.25,,,,,,441,0.6544,0.4638,0.7791
pool,sparse,False,none,False,2.0,0.5,,,,,,284,0.6303,0.465,0.7427
dev,sparse,False,none,False,2.0,0.5,,,,,,441,0.6523,0.467,0.7859
pool,sparse,False,none,False,2.0,0.75,,,,,,284,0.6326,0.4561,0.745
dev,sparse,False,none,False,2.0,0.75,,,,,,441,0.6646,0.4712,0.7759
pool,sparse,False,none,False,2.0,1.0,,,,,,284,0.6335,0.4254,0.7394
dev,sparse,False,none,False,2.0,1.0,,,,,,441,0.6512,0.4529,0.768
pool,sparse,False,porter,False,0.4,0.0,,,,,,284,0.6256,0.4723,0.7321
dev,sparse,False,porter,False,0.4,0.0,,,,,,441,0.6567,0.4809,0.7689
pool,sparse,False,porter,False,0.4,0.25,,,,,,284,0.6259,0.4746,0.7356
dev,sparse,False,porter,False,0.4,0.25,,,,,,441,0.6557,0.4872,0.7693
pool,sparse,False,porter,False,0.4,0.5,,,,,,284,0.6347,0.4771,0.7394
dev,sparse,False,porter,False,0.4,0.5,,,,,,441,0.6606,0.4908,0.7736
pool,sparse,False,porter,False,0.4,0.75,,,,,,284,0.6367,0.4809,0.7438
dev,sparse,False,porter,False,0.4,0.75,,,,,,441,0.6633,0.4913,0.7757
pool,sparse,False,porter,False,0.4,1.0,,,,,,284,0.6403,0.4802,0.7409
dev,sparse,False,porter,False,0.4,1.0,,,,,,441,0.6635,0.4922,0.7804
pool,sparse,False,porter,False,0.8,0.0,,,,,,284,0.6188,0.4703,0.7359
dev,sparse,False,porter,False,0.8,0.0,,,,,,441,0.6396,0.4786,0.7704
pool,sparse,False,porter,False,0.8,0.25,,,,,,284,0.6282,0.4764,0.7459
dev,sparse,False,porter,False,0.8,0.25,,,,,,441,0.6534,0.4831,0.7778
pool,sparse,False,porter,False,0.8,0.5,,,,,,284,0.6332,0.4807,0.7485
dev,sparse,False,porter,False,0.8,0.5,,,,,,441,0.6574,0.4858,0.7791
pool,sparse,False,porter,False,0.8,0.75,,,,,,284,0.6338,0.4802,0.7471
dev,sparse,False,porter,False,0.8,0.75,,,,,,441,0.6563,0.4878,0.7819
pool,sparse,False,porter,False,0.8,1.0,,,,,,284,0.6338,0.4708,0.7435
dev,sparse,False,porter,False,0.8,1.0,,,,,,441,0.6608,0.4853,0.7834
pool,sparse,False,porter,False,1.2,0.0,,,,,,284,0.6215,0.4654,0.7377
dev,sparse,False,porter,False,1.2,0.0,,,,,,441,0.631,0.4726,0.7634
pool,sparse,False,porter,False,1.2,0.25,,,,,,284,0.6262,0.4735,0.7479
dev,sparse,False,porter,False,1.2,0.25,,,,,,441,0.6515,0.4757,0.7763
pool,sparse,False,porter,False,1.2,0.5,,,,,,284,0.6317,0.4796,0.7544
dev,sparse,False,porter,False,1.2,0.5,,,,,,441,0.6582,0.484,0.7759
pool,sparse,False,porter,False,1.2,0.75,,,,,,284,0.63,0.4698,0.7529
dev,sparse,False,porter,False,1.2,0.75,,,,,,441,0.6589,0.4813,0.7817
pool,sparse,False,porter,False,1.2,1.0,,,,,,284,0.6326,0.4567,0.7418
dev,sparse,False,porter,False,1.2,1.0,,,,,,441,0.6602,0.4737,0.7785
pool,sparse,False,porter,False,1.6,0.0,,,,,,284,0.6183,0.4631,0.7336
dev,sparse,False,porter,False,1.6,0.0,,,,,,441,0.6281,0.466,0.761
pool,sparse,False,porter,False,1.6,0.25,,,,,,284,0.6209,0.4721,0.7459
dev,sparse,False,porter,False,1.6,0.25,,,,,,441,0.6466,0.4741,0.7721
pool,sparse,False,porter,False,1.6,0.5,,,,,,284,0.637,0.4682,0.7538
dev,sparse,False,porter,False,1.6,0.5,,,,,,441,0.6589,0.4764,0.7806
pool,sparse,False,porter,False,1.6,0.75,,,,,,284,0.6359,0.4585,0.7512
dev,sparse,False,porter,False,1.6,0.75,,,,,,441,0.6602,0.4759,0.7785
pool,sparse,False,porter,False,1.6,1.0,,,,,,284,0.6373,0.4382,0.7356
dev,sparse,False,porter,False,1.6,1.0,,,,,,441,0.6584,0.4617,0.7759
pool,sparse,False,porter,False,2.0,0.0,,,,,,284,0.6165,0.4586,0.7344
dev,sparse,False,porter,False,2.0,0.0,,,,,,441,0.6209,0.4575,0.7589
pool,sparse,False,porter,False,2.0,0.25,,,,,,284,0.6194,0.468,0.7441
dev,sparse,False,porter,False,2.0,0.25,,,,,,441,0.6374,0.4669,0.7715
pool,sparse,False,porter,False,2.0,0.5,,,,,,284,0.6362,0.4612,0.7559
dev,sparse,False,porter,False,2.0,0.5,,,,,,441,0.6523,0.4698,0.7749
pool,sparse,False,porter,False,2.0,0.75,,,,,,284,0.6403,0.4486,0.7477
dev,sparse,False,porter,False,2.0,0.75,,,,,,441,0.6561,0.4678,0.7778
pool,sparse,False,porter,False,2.0,1.0,,,,,,284,0.6332,0.4271,0.7292
dev,sparse,False,porter,False,2.0,1.0,,,,,,441,0.6529,0.454,0.7661
pool,sparse,True,none,False,0.4,0.0,,,,,,284,0.6417,0.4855,0.7585
dev,sparse,True,none,False,0.4,0.0,,,,,,441,0.6667,0.4957,0.774
pool,sparse,True,none,False,0.4,0.25,,,,,,284,0.6467,0.4893,0.7585
dev,sparse,True,none,False,0.4,0.25,,,,,,441,0.668,0.5003,0.7797
pool,sparse,True,none,False,0.4,0.5,,,,,,284,0.6502,0.4899,0.7541
dev,sparse,True,none,False,0.4,0.5,,,,,,441,0.6738,0.5034,0.7795
pool,sparse,True,none,False,0.4,0.75,,,,,,284,0.6505,0.4946,0.755
dev,sparse,True,none,False,0.4,0.75,,,,,,441,0.6754,0.5088,0.7831
pool,sparse,True,none,False,0.4,1.0,,,,,,284,0.6517,0.4904,0.7567
dev,sparse,True,none,False,0.4,1.0,,,,,,441,0.6752,0.5094,0.785
pool,sparse,True,none,False,0.8,0.0,,,,,,284,0.64,0.4858,0.7603
dev,sparse,True,none,False,0.8,0.0,,,,,,441,0.664,0.4858,0.781
pool,sparse,True,none,False,0.8,0.25,,,,,,284,0.64,0.4875,0.7617
dev,sparse,True,none,False,0.8,0.25,,,,,,441,0.6678,0.4958,0.7846
pool,sparse,True,none,False,0.8,0.5,,,,,,284,0.647,0.4869,0.7582
dev,sparse,True,none,False,0.8,0.5,,,,,,441,0.6746,0.5029,0.7855
pool,sparse,True,none,False,0.8,0.75,,,,,,284,0.6485,0.4885,0.7609
dev,sparse,True,none,False,0.8,0.75,,,,,,441,0.6776,0.5024,0.7834
pool,sparse,True,none,False,0.8,1.0,,,,,,284,0.6494,0.4847,0.7626
dev,sparse,True,none,False,0.8,1.0,,,,,,441,0.6727,0.5005,0.7861
pool,sparse,True,none,False,1.2,0.0,,,,,,284,0.632,0.48,0.7617
dev,sparse,True,none,False,1.2,0.0,,,,,,441,0.6602,0.4811,0.7821
pool,sparse,True,none,False,1.2,0.25,,,,,,284,0.6417,0.4834,0.7661
dev,sparse,True,none,False,1.2,0.25,,,,,,441,0.6674,0.4854,0.7853
pool,sparse,True,none,False,1.2,0.5,,,,,,284,0.6517,0.4832,0.7594
dev,sparse,True,none,False,1.2,0.5,,,,,,441,0.674,0.4927,0.7884
pool,sparse,True,none,False,1.2,0.75,,,,,,284,0.652,0.4791,0.7629
dev,sparse,True,none,False,1.2,0.75,,,,,,441,0.6716,0.4956,0.7836
pool,sparse,True,none,False,1.2,1.0,,,,,,284,0.6523,0.4679,0.7565
dev,sparse,True,none,False,1.2,1.0,,,,,,441,0.6718,0.4914,0.7861
pool,sparse,True,none,False,1.6,0.0,,,,,,284,0.6291,0.4714,0.7565
dev,sparse,True,none,False,1.6,0.0,,,,,,441,0.6476,0.4708,0.7821
pool,sparse,True,none,False,1.6,0.25,,,,,,284,0.6353,0.4756,0.7623
dev,sparse,True,none,False,1.6,0.25,,,,,,441,0.661,0.4787,0.7878
pool,sparse,True,none,False,1.6,0.5,,,,,,284,0.6432,0.4765,0.7623
dev,sparse,True,none,False,1.6,0.5,,,,,,441,0.6684,0.4876,0.7804
pool,sparse,True,none,False,1.6,0.75,,,,,,284,0.6517,0.469,0.7594
dev,sparse,True,none,False,1.6,0.75,,,,,,441,0.6678,0.491,0.7851
pool,sparse,True,none,False,1.6,1.0,,,,,,284,0.6535,0.4524,0.7553
dev,sparse,True,none,False,1.6,1.0,,,,,,441,0.6723,0.4807,0.7814
pool,sparse,True,none,False,2.0,0.0,,,,,,284,0.6256,0.4646,0.7594
dev,sparse,True,none,False,2.0,0.0,,,,,,441,0.6459,0.4618,0.7791
pool,sparse,True,none,False,2.0,0.25,,,,,,284,0.6326,0.47,0.7606
dev,sparse,True,none,False,2.0,0.25,,,,,,441,0.6523,0.474,0.7857
pool,sparse,True,none,False,2.0,0.5,,,,,,284,0.6423,0.4684,0.7603
dev,sparse,True,none,False,2.0,0.5,,,,,,441,0.6659,0.4834,0.7789
pool,sparse,True,none,False,2.0,0.75,,,,,,284,0.6517,0.4671,0.7585
dev,sparse,True,none,False,2.0,0.75,,,,,,441,0.6657,0.4871,0.7821
pool,sparse,True,none,False,2.0,1.0,,,,,,284,0.6499,0.4455,0.7479
dev,sparse,True,none,False,2.0,1.0,,,,,,441,0.6665,0.4736,0.7772
pool,sparse,True,porter,False,0.4,0.0,,,,,,284,0.6326,0.4819,0.7444
dev,sparse,True,porter,False,0.4,0.0,,,,,,441,0.6582,0.4777,0.7672
pool,sparse,True,porter,False,0.4,0.25,,,,,,284,0.6388,0.4853,0.7471
dev,sparse,True,porter,False,0.4,0.25,,,,,,441,0.6646,0.4825,0.7721
pool,sparse,True,porter,False,0.4,0.5,,,,,,284,0.6435,0.4907,0.7512
dev,sparse,True,porter,False,0.4,0.5,,,,,,441,0.6718,0.4867,0.7729
pool,sparse,True,porter,False,0.4,0.75,,,,,,284,0.6485,0.4908,0.7474
dev,sparse,True,porter,False,0.4,0.75,,,,,,441,0.6712,0.4886,0.7742
pool,sparse,True,porter,False,0.4,1.0,,,,,,284,0.6505,0.4897,0.7491
dev,sparse,True,porter,False,0.4,1.0,,,,,,441,0.6699,0.4925,0.7782
pool,sparse,True,porter,False,0.8,0.0,,,,,,284,0.63,0.4802,0.7503
dev,sparse,True,porter,False,0.8,0.0,,,,,,441,0.6502,0.4741,0.7685
pool,sparse,True,porter,False,0.8,0.25,,,,,,284,0.6406,0.485,0.7541
dev,sparse,True,porter,False,0.8,0.25,,,,,,441,0.6621,0.484,0.7785
pool,sparse,True,porter,False,0.8,0.5,,,,,,284,0.6464,0.4877,0.7559
dev,sparse,True,porter,False,0.8,0.5,,,,,,441,0.6704,0.4889,0.7797
pool,sparse,True,porter,False,0.8,0.75,,,,,,284,0.6558,0.4877,0.7559
dev,sparse,True,porter,False,0.8,0.75,,,,,,441,0.675,0.4913,0.7804
pool,sparse,True,porter,False,0.8,1.0,,,,,,284,0.6573,0.4822,0.7512
dev,sparse,True,porter,False,0.8,1.0,,,,,,441,0.682,0.4916,0.7808
pool,sparse,True,porter,False,1.2,0.0,,,,,,284,0.6268,0.4777,0.7485
dev,sparse,True,porter,False,1.2,0.0,,,,,,441,0.6415,0.4728,0.7808
pool,sparse,True,porter,False,1.2,0.25,,,,,,284,0.6353,0.4802,0.7521
dev,sparse,True,porter,False,1.2,0.25,,,,,,441,0.6515,0.4791,0.7842
pool,sparse,True,porter,False,1.2,0.5,,,,,,284,0.6429,0.4853,0.7523
dev,sparse,True,porter,False,1.2,0.5,,,,,,441,0.6635,0.4893,0.7863
pool,sparse,True,porter,False,1.2,0.75,,,,,,284,0.6523,0.4827,0.7559
dev,sparse,True,porter,False,1.2,0.75,,,,,,441,0.6742,0.4864,0.7861
pool,sparse,True,porter,False,1.2,1.0,,,,,,284,0.6476,0.4759,0.7474
dev,sparse,True,porter,False,1.2,1.0,,,,,,441,0.6735,0.4816,0.7806
pool,sparse,True,porter,False,1.6,0.0,,,,,,284,0.6232,0.472,0.7512
dev,sparse,True,porter,False,1.6,0.0,,,,,,441,0.6317,0.4643,0.78
pool,sparse,True,porter,False,1.6,0.25,,,,,,284,0.6312,0.473,0.7544
dev,sparse,True,porter,False,1.6,0.25,,,,,,441,0.6487,0.4718,0.787
pool,sparse,True,porter,False,1.6,0.5,,,,,,284,0.6417,0.4809,0.7538
dev,sparse,True,porter,False,1.6,0.5,,,,,,441,0.6627,0.4826,0.7899
pool,sparse,True,porter,False,1.6,0.75,,,,,,284,0.6444,0.4741,0.7529
dev,sparse,True,porter,False,1.6,0.75,,,,,,441,0.6714,0.4801,0.7851
pool,sparse,True,porter,False,1.6,1.0,,,,,,284,0.6411,0.4663,0.75
dev,sparse,True,porter,False,1.6,1.0,,,,,,441,0.6757,0.4749,0.7736
pool,sparse,True,porter,False,2.0,0.0,,,,,,284,0.6153,0.4649,0.745
dev,sparse,True,porter,False,2.0,0.0,,,,,,441,0.6264,0.4592,0.7774
pool,sparse,True,porter,False,2.0,0.25,,,,,,284,0.6285,0.4687,0.7521
dev,sparse,True,porter,False,2.0,0.25,,,,,,441,0.6444,0.4657,0.7814
pool,sparse,True,porter,False,2.0,0.5,,,,,,284,0.6379,0.4723,0.7523
dev,sparse,True,porter,False,2.0,0.5,,,,,,441,0.6565,0.474,0.7861
pool,sparse,True,porter,False,2.0,0.75,,,,,,284,0.6417,0.4697,0.7526
dev,sparse,True,porter,False,2.0,0.75,,,,,,441,0.667,0.4727,0.7795
pool,sparse,True,porter,False,2.0,1.0,,,,,,284,0.6347,0.4553,0.745
dev,sparse,True,porter,False,2.0,1.0,,,,,,441,0.6655,0.4634,0.7681
pool,rrf,,,,,,rrf,1,,,200,284,0.7039,0.4862,0.8257
pool,rrf,,,,,,rrf,5,,,200,284,0.7086,0.4793,0.8237
pool,rrf,,,,,,rrf,10,,,200,284,0.7133,0.4737,0.8184
pool,rrf,,,,,,rrf,20,,,200,284,0.7113,0.4637,0.8187
pool,rrf,,,,,,rrf,40,,,200,284,0.7004,0.4576,0.8239
pool,rrf,,,,,,rrf,60,,,200,284,0.6919,0.4542,0.8219
pool,rrf,,,,,,rrf,100,,,200,284,0.6901,0.4526,0.8113
pool,rrf,,,,,,rrf,200,,,200,284,0.6919,0.4509,0.806
pool,weighted,,,,,,weighted,,0.0,minmax,200,284,0.6573,0.4822,0.7512
pool,weighted,,,,,,weighted,,0.1,minmax,200,284,0.674,0.4933,0.7708
pool,weighted,,,,,,weighted,,0.2,minmax,200,284,0.6907,0.494,0.787
pool,weighted,,,,,,weighted,,0.3,minmax,200,284,0.7051,0.4962,0.8037
pool,weighted,,,,,,weighted,,0.4,minmax,200,284,0.7163,0.492,0.8213
pool,weighted,,,,,,weighted,,0.5,minmax,200,284,0.7148,0.4899,0.8281
pool,weighted,,,,,,weighted,,0.6,minmax,200,284,0.6937,0.4777,0.8216
pool,weighted,,,,,,weighted,,0.7,minmax,200,284,0.6655,0.4543,0.8187
pool,weighted,,,,,,weighted,,0.8,minmax,200,284,0.6394,0.426,0.8046
pool,weighted,,,,,,weighted,,0.9,minmax,200,284,0.6276,0.3898,0.7975
pool,weighted,,,,,,weighted,,1.0,minmax,200,284,0.5942,0.355,0.7826
pool,weighted,,,,,,weighted,,0.0,zscore,200,284,0.6573,0.4822,0.7512
pool,weighted,,,,,,weighted,,0.1,zscore,200,284,0.6722,0.4914,0.7626
pool,weighted,,,,,,weighted,,0.2,zscore,200,284,0.6837,0.4926,0.7832
pool,weighted,,,,,,weighted,,0.3,zscore,200,284,0.6901,0.4993,0.7999
pool,weighted,,,,,,weighted,,0.4,zscore,200,284,0.7136,0.4973,0.8107
pool,weighted,,,,,,weighted,,0.5,zscore,200,284,0.7165,0.4906,0.8263
pool,weighted,,,,,,weighted,,0.6,zscore,200,284,0.7098,0.4849,0.8266
pool,weighted,,,,,,weighted,,0.7,zscore,200,284,0.6784,0.4696,0.8184
pool,weighted,,,,,,weighted,,0.8,zscore,200,284,0.6549,0.444,0.8137
pool,weighted,,,,,,weighted,,0.9,zscore,200,284,0.6323,0.4002,0.8005
pool,weighted,,,,,,weighted,,1.0,zscore,200,284,0.5942,0.355,0.7826
dev,rrf,,,,,,rrf,1,,,200,441,0.7262,0.5022,0.8509
dev,rrf,,,,,,rrf,5,,,200,441,0.7288,0.5063,0.8503
dev,rrf,,,,,,rrf,10,,,200,441,0.7286,0.5057,0.8543
dev,rrf,,,,,,rrf,20,,,200,441,0.736,0.4962,0.8515
dev,rrf,,,,,,rrf,40,,,200,441,0.7298,0.4895,0.8522
dev,rrf,,,,,,rrf,60,,,200,441,0.7294,0.4857,0.8454
dev,rrf,,,,,,rrf,100,,,200,441,0.7205,0.4842,0.8473
dev,rrf,,,,,,rrf,200,,,200,441,0.7126,0.4828,0.8426
dev,weighted,,,,,,weighted,,0.0,minmax,200,441,0.682,0.4917,0.7808
dev,weighted,,,,,,weighted,,0.1,minmax,200,441,0.6973,0.4998,0.8012
dev,weighted,,,,,,weighted,,0.2,minmax,200,441,0.708,0.513,0.8239
dev,weighted,,,,,,weighted,,0.3,minmax,200,441,0.72,0.5218,0.8379
dev,weighted,,,,,,weighted,,0.4,minmax,200,441,0.7326,0.5223,0.8498
dev,weighted,,,,,,weighted,,0.5,minmax,200,441,0.7279,0.5225,0.8556
dev,weighted,,,,,,weighted,,0.6,minmax,200,441,0.7175,0.5113,0.8452
dev,weighted,,,,,,weighted,,0.7,minmax,200,441,0.698,0.4907,0.8452
dev,weighted,,,,,,weighted,,0.8,minmax,200,441,0.6784,0.4576,0.8316
dev,weighted,,,,,,weighted,,0.9,minmax,200,441,0.657,0.4197,0.8269
dev,weighted,,,,,,weighted,,1.0,minmax,200,441,0.6383,0.3743,0.808
dev,weighted,,,,,,weighted,,0.0,zscore,200,441,0.682,0.4917,0.7808
dev,weighted,,,,,,weighted,,0.1,zscore,200,441,0.6927,0.4984,0.7954
dev,weighted,,,,,,weighted,,0.2,zscore,200,441,0.7039,0.5115,0.8154
dev,weighted,,,,,,weighted,,0.3,zscore,200,441,0.7135,0.5186,0.8299
dev,weighted,,,,,,weighted,,0.4,zscore,200,441,0.7334,0.5248,0.8469
dev,weighted,,,,,,weighted,,0.5,zscore,200,441,0.7332,0.5297,0.8566
dev,weighted,,,,,,weighted,,0.6,zscore,200,441,0.7205,0.523,0.8551
dev,weighted,,,,,,weighted,,0.7,zscore,200,441,0.7096,0.5081,0.8485
dev,weighted,,,,,,weighted,,0.8,zscore,200,441,0.6878,0.4799,0.8381
dev,weighted,,,,,,weighted,,0.9,zscore,200,441,0.6597,0.4308,0.8284
dev,weighted,,,,,,weighted,,1.0,zscore,200,441,0.6383,0.3743,0.808
pool,depth,,,,,,rrf,10,,,50,284,0.7031,0.4697,0.8283
pool,depth,,,,,,weighted,,0.5,zscore,50,284,0.6989,0.489,0.8207
dev,depth,,,,,,rrf,10,,,50,441,0.7222,0.5051,0.8522
dev,depth,,,,,,weighted,,0.5,zscore,50,441,0.7175,0.5195,0.8509
pool,depth,,,,,,rrf,10,,,100,284,0.716,0.4719,0.8204
pool,depth,,,,,,weighted,,0.5,zscore,100,284,0.7116,0.4926,0.8286
dev,depth,,,,,,rrf,10,,,100,441,0.7275,0.5062,0.8517
dev,depth,,,,,,weighted,,0.5,zscore,100,441,0.7245,0.5258,0.8517
pool,depth,,,,,,rrf,10,,,200,284,0.7133,0.4737,0.8184
pool,depth,,,,,,weighted,,0.5,zscore,200,284,0.7165,0.4906,0.8263
dev,depth,,,,,,rrf,10,,,200,441,0.7286,0.5057,0.8543
dev,depth,,,,,,weighted,,0.5,zscore,200,441,0.7332,0.5297,0.8566
pool,depth,,,,,,rrf,10,,,500,284,0.706,0.4746,0.8231
pool,depth,,,,,,weighted,,0.5,zscore,500,284,0.718,0.4917,0.8151
dev,depth,,,,,,rrf,10,,,500,441,0.7292,0.5063,0.8539
dev,depth,,,,,,weighted,,0.5,zscore,500,441,0.7332,0.5282,0.8507
pool,depth,,,,,,rrf,10,,,1000,284,0.706,0.4746,0.8231
pool,depth,,,,,,weighted,,0.5,zscore,1000,284,0.718,0.4939,0.8157
dev,depth,,,,,,rrf,10,,,1000,441,0.7292,0.5062,0.8539
dev,depth,,,,,,weighted,,0.5,zscore,1000,441,0.7286,0.5251,0.8492
