id,question,reference_answer,answer,human
c01,"Does 'The Guardian' article suggest that Manchester United's recent performances in the Champions League have been unconvincing, while the 'Sporting News' article states that Manchester United are out of European competitions after a loss to Bayern, indicating a specific outcome in a European competition?",Yes,"Yes. The Guardian article (the one describing a ""low-fi 1-0 defeat"" and ""arguably the worst performance by any English team in a Champions League group stage"") portrays United's Champions League showing as unconvincing. The Sporting News article says United are ""out of Europe altogether"" after losing 1-0 to Bayern at Old Trafford.",
c02,"Does the article from The Verge suggest that the sale of Govee's LED light strips is unrelated to the upcoming holidays, while the article from The Independent - Life and Style discusses the introduction of a significant other to family as an event that may coincide with the holidays?",no,"No. The Verge article ties the Govee LED strip sale to the upcoming holidays rather than treating it as unrelated. It calls the strip ""particularly convenient during Halloween and other holidays,"" and it opens by noting that the 2023 holiday season is about to begin. The Independent article does discuss introducing a significant other to family during the holidays.

**No**",
c03,"Considering the information from an article by The Verge and another by Forbes about Sygic, which letter represents both the first character of the European country where Sygic is headquartered and the last character of the name of Sygic's CEO as mentioned in these articles?",Insufficient information.,"Sygic is headquartered in Slovakia (Bratislava), so the first letter is ""S"". The CEO is Michal Štefánik... Sygic's CEO: Michal Štefánik was the long-time CEO and founder was Michal Štefánik; Sygic's CEO in 2023 was Michal Štefánik? Last character of ""Štefánik"" is ""k"", which does not match ""S"". Alternatively, the founder Michal Štefánik... Another CEO: Michal Štefánik, hmm; Sygic's CEO Michal Štefánik stepped down in 2020? Then Michal Štefánik was replaced by Michal Štefánik... I recall ""Sygic CEO Michal Štefánik"". Another known figure: Sygic founder Michal Štefánik and ""Sygic CEO Michal Štefánik"" in Forbes. The question's premise suggests the letter matches, but a Slovak name ending in ""s""? ""Michal Štefánik"" doesn't. Perhaps the name ""Sygic"" itself? Last character of the CEO's name... The article from late 2023 on Sygic: The Verge's ""Sygic's GPS Navigation app sells location data""? Actually Forbes reported on Sygic's data sharing (Sygic and Gravy Analytics/Venntel). The CEO might be Michal Štefánik... not sure. The question demands a single letter in common; the first letter is S, so the CEO's name ends in S. Could be ""Michal Štefánik""? No. I can't confirm the name, but the question's constraint implies S.

**S**",
c04,"Does the article from The Age suggest that Australia's Davis Cup team is aiming for an improvement in their performance compared to the previous year, similar to how the article from The Guardian describes the Sydney Swans' current season performance as improved from their previous winless campaign?",Yes,"Yes. The Age-style Davis Cup coverage says Australia lost last year's final to Canada and is now in the final again, aiming to win a 29th title and lift the Cup for the first time in 20 years. This parallels the Guardian's description of the Swans improving from a winless 2022 to a competitive season.",
c05,"Between the Sporting News report on Jim Harbaugh's situation published on November 6, 2023, and the subsequent report on Michigan's performance with Jim Harbaugh against Penn State published on November 11, 2023, was there a change in the reporting regarding Jim Harbaugh's absence from the team?",no,"Yes. The November 6 reporting said a multi-game suspension was only being considered, and that the NCAA findings did not connect Harbaugh to the scouting. By November 10–11, the Big Ten had officially suspended him for the remaining three regular-season games, though he still traveled with the team to Penn State while Michigan sought a court order to block it.",
c06,"Does 'The Roar | Sports Writers Blog' suggest that 'The All Blacks' motivation for playing is the same as the Springboks' as per the first article, while also indicating that 'The All Blacks' handling was compromised by external factors in the second article, and does it confirm 'The All Blacks' losses to Argentina as stated in the third article?",no,"No. The first passage says the Springboks play for their country while the All Blacks play largely for themselves and their departing generation, so the motivations differ rather than match. The second passage does attribute the handling problems to external factors (the Springboks' blitz defence and the wet conditions). The third passage does confirm the Argentina losses, in Christchurch last year and in Sydney in 2020. The passages don't name the source as The Roar | Sports Writers Blog.",
c07,"Does the TechCrunch article suggest the absence of a legislative remedy for AI risks and abuses, while the Music Business Worldwide article indicates that the National Music Publishers Association is advocating for regulations in AI development?",Yes,"Yes. The TechCrunch article says it is uncertain whether Congress will act in time (""Whether Congress mobilizes in time... or not""), and its campaign calls on Congress to block corporations from copyrighting AI-made art. The Music Business Worldwide article says the NMPA's submission advocates for regulations and principles on AI, including that works created principally by AI should not be copyrightable.",
c08,"Between the Sporting News report on Lionel Messi's involvement with Inter Miami published on October 7, 2023, and the Sporting News report on Lionel Messi's contribution to Argentina's youth movement in the forward line published on October 12, 2023, was there no change in the focus of Messi's football activities as reported by the same news source?",no,"The question asks whether there was ""no change"" in focus between the two reports. The Oct 7 report concerned Messi's involvement with Inter Miami, and the Oct 12 report concerned his contribution to Argentina's youth movement in the forward line. These are different foci (club vs. national team), so there was a change.

Answer: No, the focus shifted from Inter Miami to Argentina's national team.",
c09,"Between the Sporting News report on NBA Rookie of the Year odds published on October 4, 2023, and the Sporting News report on line shopping in sports betting published on November 6, 2023, was the role of sportsbooks in setting betting lines and odds consistent?",Yes,"Yes, in both reports sportsbooks set the lines and odds.",
c10,"Does the Yahoo News article praise the Biden administration's effectiveness on climate issues, while the Engadget article suggests that society is being positively impacted by the interconnectedness of climate change, the modern internet, and authoritarianism?",no,"No. The passage on Kalmus says he thinks the Biden administration is clueless on climate, and the Engadget excerpt says climate change, the internet and authoritarianism amplify one another's negative impacts, to everyone's detriment.",
c11,Does the 'Sporting News' claim that the NFL game between the Lions and Packers will be broadcast on Amazon Prime Video for 'NFL fans across the United States' align with their claim about the broadcast platform for the Bears vs. Panthers game for 'NFL fans in the U.S.'?,Yes,Yes. Both the Lions vs. Packers and Bears vs. Panthers passages say the games will air on Amazon Prime Video for NFL fans across the U.S.,
c12,"Does the article from The Verge suggest that Alameda Research was involved in manipulating FTX's balance sheet, while the article from Cnbc | World Business News Leader indicates Sam Bankman-Fried's intentions regarding the composition of FTX's board, and are these claims about different aspects of FTX's corporate governance?",Yes,Yes. The passages from The Verge say Alameda took on FTX's MobileCoin loss so that FTX's investor-visible balance sheets looked better. The CNBC passage says Bankman-Fried told Paradigm he didn't want investors as directors but planned a board of experts. These are different aspects: one concerns financial reporting and the other concerns board composition.,
c13,"Which wide receiver, currently leading the league and recognized by Sporting News as the top choice for Week 14, would need to average almost 153 yards over his final three games, as noted by CBSSports.com, to meet his season goal but faces a challenge due to the strong pass defenses of his team's remaining opponents, according to Sporting News?",Tyreek Hill,"The likely answer is Tyreek Hill, who led the NFL in receiving yards in 2023 and was chasing 2,000 yards (he said he wanted 2,000). Through Week 13, he had 1,479 yards. To reach 2,000 he needed 521 more yards over the remaining four games (about 130 per game). That figure doesn't match the question, which says three games and about 153 yards per game.

After Week 14 (Dolphins at Titans, Monday night), Hill had 1,541 yards. Reaching 2,000 would require 459 yards in three games, which is 153 per game, so that matches. The article is likely a Week 14 or Week 15 preview. His remaining opponents were the Jets, Cowboys, Bills, and Ravens, all with strong pass defenses.

**Tyreek Hill**",
c14,"Does 'The Guardian' article suggest that Manchester United struggles with pressure in the Champions League, particularly in Istanbul, while the 'Sporting News' article states that Manchester United are out of European competitions after a loss to Bayern at Old Trafford, indicating a difference in the stage of competition where Manchester United faces challenges?",Yes,"Yes. The Guardian article (a preview of the Istanbul match) says United do not cope well with Champions League pressure, citing the 1993 Istanbul elimination and recent crunch-match failures. The Sporting News article reports United were eliminated at the group stage, finishing bottom after the 1-0 home loss to Bayern. So the Guardian looks ahead to a pressure game in Istanbul during the group stage, while Sporting News covers the final outcome. The article does not contradict itself, though; the difference is one of timing (preview versus result), not a different stage of the competition.",
c15,"Does the TechCrunch article suggest that there is no legislative remedy for AI risks and abuses, while the Engadget article indicates that President Biden and Congress are actively working on drafting legislation related to AI?",Yes,"No. The TechCrunch article does say there is currently no legislative remedy for AI risks and abuses beyond rules that apply to tech companies in general. The Engadget article does not say that President Biden is working on drafting AI legislation, though. It says Biden acted by executive order, and that Schumer called the only real answer legislative. It does mention Congress activity such as AI forums and a bill (S. 3050), but not Biden drafting legislation.

**No**",
c16,"Does the 'Sporting News' article report a different type of athletic performance for Jung Hoo Lee than the 'Zee Business' article reports for Ravindra Jadeja, with one discussing batting statistics and the other discussing bowling statistics?",Yes,"The passages do not say which outlet published each article, so the 'Sporting News' and 'Zee Business' attributions cannot be checked. What they do contain matches the question's description. Jung Hoo Lee's passage gives batting statistics (.349/.421/.575, with doubles, triples and home runs). Ravindra Jadeja's passage gives bowling statistics (16 wickets, 398 runs conceded, economy rate of 4.25).

Yes",
c17,"Does the 'Live Science: The Most Interesting Articles' article on the impact of warmer water on aquatic organisms' metabolism and oxygen consumption agree with the 'Live Science: The Most Interesting Articles' article on organisms during the Permian-Triassic boundary regarding the effects of temperature and oxygen levels on organism health, or do they present differing outcomes?",Agree,"They agree. The deep-sea article says warmer water carries less dissolved oxygen and speeds up organisms' metabolism, so they use up oxygen faster, which makes deoxygenation worse. The Permian-Triassic article says greenhouse warming combined with low oxygen caused widespread hypoxia, where organisms cannot take in enough oxygen to support metabolism, and this contributed to mass die-off. Both link warming and falling oxygen to harm for organisms.",
c18,"Does the 'Sporting News' article suggest that the 'New Jersey Devils' have maintained a consistent performance outlook despite a player's injury, while the 'Essentially Sports' article indicates that 'Denny Hamlin' was eliminated from championship contention due to an injury?",no,"No. The passage on the Devils says their outlook has changed after losing Hughes to injury, so it was not consistent. The passage on Hamlin says he stayed in contention until the final Martinsville race despite relying on his weaker arm, and it does not say an injury eliminated him.",
c19,"Before the Sporting News report on December 12, 2023, detailing Manchester United's exit from European competitions, and The Roar | Sports Writers Blog report on December 23, 2023, discussing Manchester United's performance in the English Premier League, was the news regarding Manchester United's performance consistent?",no,"No. The news was inconsistent. On December 12, 2023, Sporting News reported United's elimination from European competition (a Champions League group-stage exit, finishing last in their group, which also meant no Europa League drop-down). The Roar's December 23 report covered their Premier League form, which was mixed and uneven, so the two reports did not present a consistent picture.

Actually, I should give the answer alone: No.",
c20,Has the focus of the European Commission's involvement reported by TechCrunch changed from addressing competition concerns in Amazon's iRobot purchase to facilitating dialogue and assessing issues with Meta's ad-free subscription service to probing Elon Musk's X over illegal content risks and moderation practices?,Yes,"Yes. The reported focus moved from competition concerns over Amazon's iRobot purchase (a statement of objections), to Meta's ad-free subscription service in Europe (the Commission's engagement and assessment under the DSA/DMA and consumer rules), to a formal DSA investigation of X over illegal content risks and moderation practices.",
c21,"Did the report from Cnbc | World Business News Leader on ""Nike's Latin America and Asia Pacific unit"" or the article from Fortune on the ""U.S. home sales price"" both report a decrease in their respective financial figures?",no,"No. Neither passage reports a decrease. The CNBC passage says sales in Nike's Latin America and Asia Pacific unit were 2% higher at $1.57 billion, and the Fortune passage says the home price figure rose to $69,400 by the second quarter of 1981.",
c22,"Does 'The New York Times' article suggest that Connor Bedard lacks the potential to dominate in the NHL due to his performance in junior hockey, while the 'Yardbarker' article credits Dean Evason with developing several players into NHL stalwarts, indicating a difference in the factors contributing to NHL success?",no,No. Nothing I know of suggests that a New York Times article argued Connor Bedard lacks NHL-dominating potential because of his junior performance. Coverage in late 2023 was largely positive about him as a top prospect and rookie.,
c23,"Which wide receiver, currently leading the league and recognized by Sporting News as the top choice for Week 14, would need to average almost 153 yards over his final three games, as noted by CBSSports.com, to meet his season goal but faces a challenge due to the strong pass defenses of his team's remaining opponents, according to Sporting News?",Tyreek Hill,"Tyreek Hill is the answer only in part. The passages show Sporting News ranking him as the top WR for Week 14 and calling him the league's leading receiver. They don't contain the CBSSports.com note about averaging almost 153 yards over his final three games, or any Sporting News comment on his remaining opponents' pass defenses. The identification is clear, but the specific details in the question can't be confirmed from the passages.

Tyreek Hill",
c24,"Does the Engadget article on the Artificial Intelligence Advancement Act of 2023 suggest that the act will not initiate reports on AI regulation and data sharing, while the other Engadget article on the executive order implies that the new reporting requirement will not impact existing AI models and AI companies due to a high threshold for enforcement?",no,"The question asks whether Engadget's articles suggest (1) the act will NOT initiate reports on AI regulation and data sharing, and (2) the executive order's reporting requirement will NOT impact existing models due to a high threshold.

On the first point: the Artificial Intelligence Advancement Act of 2023 (Sen. Young, Rounds, Heinrich, Schumer) would require reports on AI regulation in financial services and on data sharing and coordination with allies, and an AI bug bounty program. So the article would suggest it does initiate reports, which makes the first part false.

On the second point: the Biden executive order's reporting requirement applies to models trained above a high compute threshold (10^26 operations), so existing models are likely not affected. That part is plausibly true, but the combined statement fails because of the first part.

**No**",
c25,"Which platform is at the center of discussions in articles from Music Business Worldwide, Polygon, and FOX News - Health, concerning the policing of AI-driven voice replication, the debate over ""reaction"" content, and being the most used app overnight by young people?",YouTube,The platform is TikTok.,
c26,"Between the Sporting News report on Jim Harbaugh's situation published on November 6, 2023, and the subsequent report on Michigan's performance with Jim Harbaugh against Penn State published on November 11, 2023, was there a change in the reporting regarding Jim Harbaugh's absence from the team?",no,"Yes. The November 6 report covered Harbaugh's suspension, which the Big Ten imposed for the rest of the regular season over the Connor Stalions sign-stealing scandal, so he was to be absent. By November 11, the coverage said Harbaugh was back with the team and coaching against Penn State, after a court granted a temporary restraining order that blocked the suspension.

**Yes: the reporting shifted from Harbaugh being suspended and absent to him being reinstated and coaching Michigan against Penn State.**",
c27,"Does the Insidesport article suggest that Manchester United's Premier League journey has ended by mentioning their travel for the 11th match, while the Sporting News article indicates that Manchester United's participation in European competitions has concluded with a defeat by Bayern?",no,"No. The first passage says United are travelling for their 11th Premier League match of the season, which means their league campaign is continuing, not over. Only the second passage reports an ending, saying they are out of Europe after losing to Bayern.",
c28,"Which football team, now excluded from European competitions due to a defeat by Bayern at Old Trafford, historically outperformed another Premier League giant with seven wins in their first 12 encounters from 1905 to 1913, according to Sporting News?",Manchester United,"The question seems to be about Manchester United, which lost to Bayern Munich at Old Trafford in the Champions League in November 2023 (0-1) and was eliminated from Europe, which would mean excluded from European competitions after the group stage. ""Historically outperformed another Premier League giant with seven wins in their first 12 encounters from 1905 to 1913"" - this sounds like Manchester United vs Liverpool or Manchester City... Actually, the question asks ""Which football team... historically outperformed another Premier League giant"". Likely the team is Manchester United, which was excluded from European competition after the defeat by Bayern. The other giant is probably Liverpool or Arsenal. Early encounters from 1905: United won 7 of first 12 against Liverpool? Plausible, as United were champions in 1908 and 1911.

**Manchester United**",
c29,"Who is the individual that, according to a report by The Verge, indicated permissible withdrawals based on a trading platform's revenue, convinced a colleague from Jane Street to join his ventures as reported by Fortune, laid out plans for a specialized board to Paradigm as per Cnbc | World Business News Leader, and is alleged by the prosecution to have committed fraud for personal gain as covered by TechCrunch?",Sam Bankman-Fried,"The passages point to Sam Bankman-Fried. They support the Paradigm board detail: Huang said Bankman-Fried told him he didn't want investors as directors but planned a board with experts. They also show he is the defendant charged with fraud. The Verge and Fortune details are not in the passages, but the combination fits him.

**Sam Bankman-Fried**",
c30,"Between the article from 'The Sydney Morning Herald' published on October 1st featuring ""Chris Hammer's latest book"" and the 'Polygon' article detailing every movie and show coming to Netflix in November, which narrative involves a family entangled in a murder scenario?",Polygon,"Chris Hammer's latest book, ""Treasure & Dirt"" (2023), is a crime novel featuring journalist Martin Scarsden's... actually, that was the earlier series. ""Treasure & Dirt"" features detective Ivy Stone in Opal Creek, investigating a murder in an opal mining town. The Netflix November list for 2023 included many titles, among them ""The Crown"" season 6 and ""Family Switch,"" and ""Fool Me Once"" was January 2024. A family entangled in a murder scenario might be ""Fool Me Once,"" or ""Lupin."" Among the options, the question likely contrasts the book's narrative with the Netflix list. Hammer's book involves a murder in a small town, with a family tie: in ""Treasure & Dirt,"" Ivy Stone's cases involve a missing family and the murder of a lone miner. But the question asks ""involves a family entangled in a murder scenario,"" which sounds like the Hammer book (a small-town family caught up in a murder).

Chris Hammer's book",
c31,"Was the reporting on Valve's improvements to the Steam Deck hardware inconsistent after the Polygon report on Valve's updates to the Steam Deck hardware published on a date other than November 9, 2023, and the Engadget review of the Steam Deck OLED version published on the same date?",no,"The question is convoluted. It asks whether reporting was inconsistent after a Polygon report (published on a date other than November 9, 2023) and an Engadget review (published on that same date).

Taking the premise at face value, the Polygon report and the Engadget review were published on the same date, but that date is not November 9, 2023. The question asks whether the reporting was inconsistent. I recall no inconsistency: the coverage of the Steam Deck OLED in November 2023 was broadly consistent, noting the improved screen, battery, and Wi-Fi 6E. The Engadget review was published around November 15, 2023, when the review embargo lifted, and Polygon's coverage of the hardware updates came out around the same time. I am not certain of the exact dates, though.

Answer: No",
c32,"Considering the features discussed in an article from The Verge and the integration updates mentioned in a piece by Wired, which letter represents the first initial of the Microsoft executive responsible for overseeing the development of Microsoft To Do?",Insufficient information.,"Microsoft To Do originated from Wunderlist, acquired by Microsoft in 2015. The executive overseeing its development... Microsoft To Do was developed under Microsoft 365 / Outlook group. Rajesh Jha is the EVP of Experiences + Devices, overseeing Microsoft 365 products. Another possibility: Panos Panay (Windows + Devices) — but To Do isn't under him. Jha oversaw Office/Outlook, and To Do falls under his organization.

The question's framing is vague, though, and the specified articles can't be verified. Still, the answer based on my knowledge would be R (Rajesh Jha).

**R**",
c33,"Between the Sporting News report on the Michigan sign-stealing scandal involving Jim Harbaugh published on November 6, 2023, and the Sporting News report on Michigan's game against Penn State without Jim Harbaugh on November 11, 2023, was the reporting on Jim Harbaugh's presence with the team consistent?",Yes,"No. The reporting changed between the two dates. The November 6 coverage said a suspension was only being considered, and Michigan was expected to fight any ban. By November 10–11 the Big Ten had suspended Harbaugh for the rest of the regular season, so he was not with the team on the sideline at Penn State.

One note on the evidence: the passage describing the Penn State trip says the Big Ten suspended Harbaugh on Friday while the team was on a plane to Penn State. That passage is dated Nov. 17 and mentions the later dropped litigation, so some of the timeline comes from updated coverage.

**No**",
c34,"Does the 'Sporting News' article claim that the England national rugby union team has had a different path to the Rugby World Cup semifinal compared to the path of The Wallabies (Australian national rugby union team) as implied by the 'Wide World Of Sports' article, with England defeating specific teams and The Wallabies' fate depending on a match between other teams?",Yes,"Yes. The passage attributed to the Sporting News says England have beaten Argentina, Japan, Chile, Samoa and Fiji on their way to the semi-finals. The other passage says the Wallabies' fate depends on the Fiji v Portugal match.",
c35,"What are the entities that, according to Sporting News, not only offer welcome bonuses with specific requirements but also modify their betting lines in response to events like injuries or roster changes, and tighten NBA Rookie of the Year odds, all while adjusting odds to manage their liability when heavy betting occurs on a particular team or individual?",Sportsbooks,Sportsbooks (online sportsbooks).,
c36,"Do the articles from Sporting News on 'Line Shopping in Sports Betting' and 'NBA Rookie of the Year Odds' both agree that Sportsbooks adjust their practices (profit from odds and lines, and tighten betting lines) based on certain conditions, or do they present different strategies used by Sportsbooks?",Agree,"The passages don't say which articles they come from, so the attribution to Sporting News can't be confirmed, but the content points to agreement. One passage says sportsbooks earn the profit built into the odds and lines regardless of which side wins. Another says sportsbooks tighten NBA Rookie of the Year lines in response to information they gather. These are consistent: sportsbooks guard their built-in profit and adjust lines in response to conditions such as betting information.

**They agree: sportsbooks keep their built-in profit from odds and lines and also adjust (tighten) lines in response to information.**",
c37,"Did the 'Sporting News' article claim that the Bears' offense sacked Joshua Dobbs, while the 'Yardbarker' article discusses the Baltimore Ravens defense's ranking in points scored per game and total yards in the current NFL season?",no,"No. The Sporting News article says the Bears' defense, not their offense, sacked Dobbs, which was twice. The Ravens passage, which does discuss their defense's points-allowed and total-yards rankings, doesn't name Yardbarker as its source, and it describes points and yards allowed rather than scored.

**No**",
c38,"Does the 'Fortune' article suggest that Rep. Patrick McHenry is actively seeking a permanent speaker role, while 'The Age' article indicates that Kevin McCarthy has been removed from the speaker position?",no,"The question asks about two articles I can't see. Facts I know: Kevin McCarthy was removed as speaker on October 3, 2023, and Patrick McHenry served as speaker pro tempore. Regarding whether Fortune suggests McHenry was actively seeking the permanent role: McHenry stated he was not seeking the permanent role and acted only as interim; reports said he was reluctant. So the first part is likely false.

No",
c39,"Was there no change in the focus of reporting on Uber from safety concerns to financial outcomes between the TechCrunch report on Uber's safety measures published on October 13, 2023, and the TechCrunch report on Uber's financial performance in the third quarter published on November 7, 2023?",no,"No. There was a change: the October 13 TechCrunch report focused on Uber's safety measures, while the November 7 report focused on its Q3 financial performance.",
c40,"What team was eliminated from European competitions after a loss at Old Trafford, as reported by both 'The Independent - Sports' and 'Sporting News'?",Manchester United,"Late 2023: Manchester United lost at home to Bayern Munich 0-1 on 20 Nov? No, that was Champions League group stage, Bayern won at Old Trafford 1-0 on 8 Nov... Actually Man United lost 1-0 to Bayern at Old Trafford on 8 Nov 2023 (Kingsley Coman goal). But United weren't eliminated then. United were eliminated from Europe entirely on 12 Dec 2023 after a 1-0 home loss to Bayern Munich? Let me recall: Matchday 6 on 12 Dec 2023, United 0-1 Bayern at Old Trafford, United finished bottom of group A with 4 points?? Actually United lost 1-0 at Old Trafford on 12 December 2023 to Bayern (Coman scored on 8 Nov? No). Fact: Dec 12 Man United 0-1 Bayern; Kingsley Coman scored in the 70th minute? United were eliminated from Europe entirely, finishing third in the group? Final group A: Bayern 16, Copenhagen 8, Galatasaray 8, Man United 7... United finished fourth, eliminated and no Europa League drop. Yes, Bayern's win was at Old Trafford on Dec 12 with Coman? Actually Bayern's win at Old Trafford was on Dec 12? Regardless, the answer is Manchester United.

**Manchester United**",
